Stop_ID,CTA Stop Name,Direction,Routes,Ward,LONGITUDE,LATITUDE,Location
68,Jackson & Franklin,EB,"1,7,28,126,130,151,156",42,-87.635401,41.878051,"(41.878051, -87.635401)"
69,Jackson & Financial Place,EB,"1,7,28,126,130,132,151",42,-87.632868,41.878081,"(41.878081, -87.632868)"
73,Michigan & Van Buren/Congress,SB,"1,3,4,7,J14,26,28,126,132,143,147",42,-87.624396,41.876271,"(41.876271, -87.624396)"
75,Michigan & Van Buren,NB,"1,7,28,126",42,-87.62416,41.87669,"(41.87669, -87.62416)"
76,Michigan & Jackson,NB,"3,4,6,J14,26,143",42,-87.624193,41.878135,"(41.878135, -87.624193)"
77,Adams & Wabash,WB,"1,7,28,126,151",42,-87.625884,41.879575,"(41.879575, -87.625884)"
80,Adams & Wells,WB,"1,7,28,126,130,134,135,136,151,156",42,-87.634024,41.879426,"(41.879426, -87.634024)"
200,Harrison & Morgan,EB,"7,60",25,-87.651938,41.874283,"(41.874283, -87.651938)"
206,Harrison & Halsted,WB,"7,60,755",25,-87.64775,41.874441,"(41.874441, -87.64775)"
312,Roosevelt & Canal,EB,"12,18,N62",25,-87.638826,41.867139,"(41.867139, -87.638826)"
358,Roosevelt & Homan,WB,12,24,-87.71027,41.866418,"(41.866418, -87.71027)"
397,Madison & Laramie,EB,20,29,-87.75526,41.88027,"(41.88027, -87.75526)"
409,Madison & Pulaski,EB,20,28,-87.725823,41.880614,"(41.880614, -87.725823)"
442,Washington & Jefferson,EB,"J14,19,20,56",42,-87.642848,41.88311,"(41.88311, -87.642848)"
449,Washington & Wabash,EB,"N4,J14,19,20,56,60,N66,124,147,151,157",42,-87.625966,41.883159,"(41.883159, -87.625966)"
455,Madison & Clinton,WB,"J14,19,20,56,192",42,-87.641043,41.881947,"(41.881947, -87.641043)"
465,Madison & Ashland,WB,20,27,-87.666567,41.881523,"(41.881523, -87.666567)"
523,Chicago & Cicero,EB,66,37,-87.745937,41.894906,"(41.894906, -87.745937)"
530,Chicago & Pulaski,EB,66,37,-87.726211,41.89529,"(41.89529, -87.726211)"
548,Chicago & Western,EB,66,26,-87.687019,41.895662,"(41.895662, -87.687019)"
552,Chicago & Damen,EB,66,1,-87.677192,41.895831,"(41.895831, -87.677192)"
556,Chicago & Ashland,EB,66,1,-87.667474,41.895993,"(41.895993, -87.667474)"
590,Grand & Fairbanks/Columbus,WB,"2,29,65,66",42,-87.620009,41.891862,"(41.891862, -87.620009)"
594,Fairbanks & Huron,NB,"3,66,120,121,157",42,-87.620252,41.894886,"(41.894886, -87.620252)"
597,Chicago & Mies Van Der Rohe,WB,"3,26,66,157",2,-87.621709,41.896838,"(41.896838, -87.621709)"
599,Chicago & Michigan,WB,66,42,-87.624493,41.8968,"(41.8968, -87.624493)"
601,Chicago & State (Red Line),WB,66,42,-87.628022,41.896741,"(41.896741, -87.628022)"
606,Chicago & Franklin (Brown line),WB,66,27,-87.635534,41.896669,"(41.896669, -87.635534)"
617,Chicago Blue Line Station,WB,66,27,-87.655108,41.896353,"(41.896353, -87.655108)"
622,Chicago & Ashland,WB,66,1,-87.667079,41.896151,"(41.896151, -87.667079)"
648,Chicago & Pulaski,WB,66,37,-87.725901,41.895445,"(41.895445, -87.725901)"
672,Grand & Oak Park,EB,"65,74",36,-87.795414,41.923518,"(41.923518, -87.795414)"
738,Grand & Halsted/Milwaukee (Blue Line),EB,65,27,-87.647777,41.891115,"(41.891115, -87.647777)"
759,Grand & Streeter,WB,"2,29,65,66,124",42,-87.612125,41.892011,"(41.892011, -87.612125)"
765,Grand & Dearborn,WB,65,42,-87.629467,41.891714,"(41.891714, -87.629467)"
949,North Ave & Western,WB,72,32,-87.687029,41.91039,"(41.91039, -87.687029)"
1023,Sheridan & Pratt,SB,"147,151,155",49,-87.660998,42.005364,"(42.005364, -87.660998)"
1027,Sheridan & Loyola (Red Line),SB,"147,151,155",49,-87.66086,42.001423,"(42.001423, -87.66086)"
1033,Sheridan & Granville,SB,"136,147,151",48,-87.655598,41.994419,"(41.994419, -87.655598)"
1034,Sheridan & Glenlake,SB,"136,147,151",48,-87.655528,41.992167,"(41.992167, -87.655528)"
1036,Sheridan & Ardmore,SB,"136,147,151",48,-87.655379,41.987459,"(41.987459, -87.655379)"
1037,Sheridan & Hollywood,SB,"136,147,151",48,-87.655319,41.985339,"(41.985339, -87.655319)"
1038,Sheridan & Bryn Mawr,SB,"136,147,151",48,-87.655246,41.983481,"(41.983481, -87.655246)"
1039,Sheridan & Catalpa,SB,"136,147,151",48,-87.655222,41.981684,"(41.981684, -87.655222)"
1040,Sheridan & Balmoral,SB,"136,147,151",48,-87.655155,41.979782,"(41.979782, -87.655155)"
1061,Lake Shore & Grace,SB,"135,146,151,152",46,-87.645114,41.952058,"(41.952058, -87.645114)"
1062,Lake Shore & Waveland,SB,"135,146,151,152",46,-87.644544,41.950278,"(41.950278, -87.644544)"
1063,Lake Shore & Addison,SB,"135,146,151",46,-87.643435,41.948591,"(41.948591, -87.643435)"
1065,Lake Shore & Cornelia,SB,"135,146,151",46,-87.642378,41.946619,"(41.946619, -87.642378)"
1067,Lake Shore & Hawthorne,SB,"135,146,151",44,-87.641292,41.944655,"(41.944655, -87.641292)"
1068,Lake Shore & Roscoe,SB,"135,146,151",44,-87.640579,41.943216,"(41.943216, -87.640579)"
1073,Sheridan & Barry,SB,"134,143,151,156",44,-87.639535,41.937565,"(41.937565, -87.639535)"
1075,Sheridan & Oakdale,SB,"134,143,151,156",44,-87.639465,41.935383,"(41.935383, -87.639465)"
1076,Sheridan & Surf,SB,"134,143,151,156",44,-87.639426,41.934186,"(41.934186, -87.639426)"
1077,Sheridan & Diversey,SB,"134,143,151,156",44,-87.639398,41.933015,"(41.933015, -87.639398)"
1078,Stockton & Wrightwood,SB,"134,143,151,156",43,-87.639031,41.931304,"(41.931304, -87.639031)"
1079,Stockton & Roslyn,SB,"134,143,151,156",43,-87.639002,41.928292,"(41.928292, -87.639002)"
1080,Stockton & Arlington,SB,"134,143,151,156",43,-87.637775,41.926488,"(41.926488, -87.637775)"
1082,Stockton & Webster,SB,"151,156",43,-87.635806,41.922116,"(41.922116, -87.635806)"
1097,Michigan & Delaware,SB,"143,146,147,148,151",42,-87.624246,41.899345,"(41.899345, -87.624246)"
1098,Michigan & Pearson,SB,"10,125,143,146,147,100,000",42,-87.624234,41.897731,"(41.897731, -87.624234)"
1101,Michigan & Ohio,SB,"2,3,10,26,143,146,147,148,151,157",42,-87.624328,41.892691,"(41.892691, -87.624328)"
1102,Michigan & Illinois,SB,"2,3,10,26,143,146,147,148,151,157",42,-87.624293,41.891032,"(41.891032, -87.624293)"
1103,Michigan & Hubbard (Wrigley Bldg.),SB,"2,3,10,26,N66,143,146,147,148,151,157",42,-87.624244,41.889894,"(41.889894, -87.624244)"
1105,Michigan & Lake/Randolph,SB,"3,4,19,26,N66,124,143,147,151,157",42,-87.624615,41.885104,"(41.885104, -87.624615)"
1106,Michigan & Washington,SB,"3,4,19,20,26,60,N66,124,143,147,151,157",42,-87.624588,41.883414,"(41.883414, -87.624588)"
1110,Michigan & Jackson,SB,"3,4,J14,26,143,147",42,-87.624446,41.878429,"(41.878429, -87.624446)"
1113,State & Van Buren,NB,"2,10,29,130,146,147,148",4,-87.627543,41.876848,"(41.876848, -87.627543)"
1115,State & Adams,NB,"2,10,29,146,147,148,151",42,-87.62761,41.879401,"(41.879401, -87.62761)"
1119,Michigan & Randolph,NB,"3,6,19,20,26,N66,124,143,147,151,157",42,-87.624318,41.884688,"(41.884688, -87.624318)"
1120,Michigan & South Water,NB,"3,6,20,26,N66,124,143,146,147,148,151,157",42,-87.624384,41.8867,"(41.8867, -87.624384)"
1122,Michigan & Hubbard (Tribune Bldg.),NB,"2,3,10,26,N66,143,146,147,148,151,157",42,-87.623969,41.890205,"(41.890205, -87.623969)"
1123,Michigan & Grand,NB,"2,3,10,26,143,146,147,148,151,157",42,-87.624034,41.891769,"(41.891769, -87.624034)"
1124,Michigan & Ontario,NB,"3,10,26,125,143,146,147,148,151",42,-87.624089,41.893194,"(41.893194, -87.624089)"
1125,Michigan & Huron,NB,"3,10,26,125,143,146,147,148,151",42,-87.624104,41.894798,"(41.894798, -87.624104)"
1127,Michigan & Chestnut,NB,"143,146,147,148,151",2,-87.62396,41.898069,"(41.898069, -87.62396)"
1128,Michigan & Delaware/Walton,NB,"143,146,147,148,151",2,-87.624004,41.899435,"(41.899435, -87.624004)"
1148,Sheridan & Diversey,NB,"77,134,143,151,156",44,-87.639174,41.933109,"(41.933109, -87.639174)"
1185,Sheridan & Berwyn,NB,"136,147,151",48,-87.654932,41.978202,"(41.978202, -87.654932)"
1204,Sheridan & Loyola,NB,"147,151,155",49,-87.660658,42.001702,"(42.001702, -87.660658)"
1257,Fullerton & Pulaski,WB,74,31,-87.72659,41.924597,"(41.924597, -87.72659)"
1401,Lincoln & Webster,SEB,37,43,-87.644098,41.92201,"(41.92201, -87.644098)"
1415,LaSalle & Division,SB,156,27,-87.633052,41.903652,"(41.903652, -87.633052)"
1421,Wacker (Upper) & Michigan,WB,"2,6,10,134,135,136,146,148",42,-87.625055,41.88836,"(41.88836, -87.625055)"
1423,State & Lake,SB,"2,6,10,29,36,62,146,148",42,-87.628053,41.885893,"(41.885893, -87.628053)"
1425,State & Washington,SB,"2,6,10,29,36,62,146,148",42,-87.627972,41.883371,"(41.883371, -87.627972)"
1427,State & Monroe,SB,"2,6,10,29,36,62,146,148",42,-87.627834,41.880856,"(41.880856, -87.627834)"
1429,State & Jackson,SB,"2,6,10,29,36,62,146,148",42,-87.62777,41.878318,"(41.878318, -87.62777)"
1430,State & Van Buren,SB,"2,6,10,29,36,62,130,146,148",4,-87.627764,41.876993,"(41.876993, -87.627764)"
1431,State & Harrison/Congress,SB,"2,6,10,29,62,130,146,148",4,-87.627696,41.874997,"(41.874997, -87.627696)"
1437,State & Randolph,NB,"2,10,29,146,148",42,-87.627791,41.884351,"(41.884351, -87.627791)"
1438,State & Lake,NB,"2,10,29,146,148",42,-87.627823,41.885601,"(41.885601, -87.627823)"
1517,S Hyde Park & 56th Street,NB,"6,28,55",5,-87.583802,41.793316,"(41.793316, -87.583802)"
1518,S Hyde Park & 55th Street,NB,"6,28,171",5,-87.58388,41.795429,"(41.795429, -87.58388)"
1523,E Hyde Park & East End,WB,"6,28,172",5,-87.585707,41.802565,"(41.802565, -87.585707)"
1525,E Hyde Park & Lake Park,WB,"2,15,172",4,-87.588262,41.802527,"(41.802527, -87.588262)"
1574,Michigan & Cullerton,NB,"1,3,4",3,-87.62377,41.85571,"(41.85571, -87.62377)"
1575,Michigan & 18th Street,NB,"1,3,4",3,-87.623827,41.858127,"(41.858127, -87.623827)"
1580,Michigan & Roosevelt,NB,"1,3,4,18",4,-87.623964,41.867893,"(41.867893, -87.623964)"
1591,Michigan & Roosevelt,SB,"1,3,4",3,-87.624259,41.86712,"(41.86712, -87.624259)"
1629,51st Green Line Station,EB,15,3,-87.618562,41.801942,"(41.801942, -87.618562)"
1662,Western Brown Line Station,WB,49B,47,-87.688561,41.966111,"(41.966111, -87.688561)"
1725,Devon & California,EB,155,50,-87.6998,41.997502,"(41.997502, -87.6998)"
1757,Devon & Sheridan,WB,"36,151,155",49,-87.661075,41.998251,"(41.998251, -87.661075)"
1762,Devon & Clark,WB,"36,151,155",40,-87.670371,41.998148,"(41.998148, -87.670371)"
1785,Clark & Lunt,SB,22,49,-87.674073,42.00908,"(42.00908, -87.674073)"
1792,Clark & Devon,SB,22,40,-87.670773,41.998181,"(41.998181, -87.670773)"
1838,Clark & Fullerton,SB,"22,36",43,-87.640659,41.925642,"(41.925642, -87.640659)"
1880,Dearborn & Adams,NB,"22,24,36,62,151",42,-87.629248,41.879561,"(41.879561, -87.629248)"
1881,Dearborn & Monroe,NB,"22,24,36,62,151",42,-87.629285,41.880948,"(41.880948, -87.629285)"
1882,Dearborn & Madison,NB,"22,24,36,62,151",42,-87.629294,41.88207,"(41.88207, -87.629294)"
1884,Dearborn & Randolph,NB,"22,24,36,62",42,-87.629387,41.884708,"(41.884708, -87.629387)"
1885,Dearborn & Wacker/Lake,NB,"22,36,62",42,-87.629396,41.886184,"(41.886184, -87.629396)"
1899,Clark & Division (Red Line),NB,22,2,-87.631363,41.903782,"(41.903782, -87.631363)"
1903,Clark & North Ave,NB,"22,36",2,-87.63158,41.911104,"(41.911104, -87.63158)"
2059,Division & Ashland (Blue Line),WB,70,2,-87.66729,41.903449,"(41.903449, -87.66729)"
2113,King Drive & 87th Street,NB,3,6,-87.614462,41.736682,"(41.736682, -87.614462)"
2121,King Drive & 79th Street,NB,3,6,-87.614872,41.751307,"(41.751307, -87.614872)"
2125,King Drive & 75th Street,NB,3,6,-87.615035,41.758598,"(41.758598, -87.615035)"
2129,King Drive & 71st Street,NB,3,6,-87.615132,41.765832,"(41.765832, -87.615132)"
2138,King Drive & 63rd Street (Green Line),NB,3,20,-87.615538,41.780437,"(41.780437, -87.615538)"
2192,McCormick Place,SB,"3,21",4,-87.619053,41.851079,"(41.851079, -87.619053)"
2218,King Drive & 51st Street,SB,3,3,-87.616234,41.801868,"(41.801868, -87.616234)"
2353,State & Roosevelt,NB,"29,62",4,-87.627333,41.867663,"(41.867663, -87.627333)"
2376,State & Roosevelt,SB,"29,62",4,-87.627536,41.867594,"(41.867594, -87.627536)"
2462,Cottage Grove & 95th Street,NB,"4,N5,95E",8,-87.60436,41.722402,"(41.722402, -87.60436)"
2464,Cottage Grove & 93rd Street,NB,"4,N5,95E",8,-87.604434,41.725524,"(41.725524, -87.604434)"
2470,Cottage Grove & 87th Street,NB,4,8,-87.604694,41.736538,"(41.736538, -87.604694)"
2478,Cottage Grove & 79th Street,NB,4,8,-87.605109,41.751159,"(41.751159, -87.605109)"
2507,Cottage Grove & 51st Street,NB,4,4,-87.606298,41.802477,"(41.802477, -87.606298)"
2549,Cottage Grove & 47th Street,SB,4,4,-87.606677,41.809649,"(41.809649, -87.606677)"
2553,Cottage Grove & 51st Street,SB,4,4,-87.60653,41.802335,"(41.802335, -87.60653)"
2566,Cottage Grove & 63rd Street (Green Line),SB,4,20,-87.60604,41.780525,"(41.780525, -87.60604)"
2582,Cottage Grove & 79th Street,SB,4,6,-87.605358,41.751104,"(41.751104, -87.605358)"
2608,79th Street & Colfax,WB,79,7,-87.561286,41.751852,"(41.751852, -87.561286)"
2628,79th Street & Ellis,WB,79,8,-87.600226,41.751397,"(41.751397, -87.600226)"
2630,79th Street & Cottage Grove,WB,79,8,-87.605052,41.751357,"(41.751357, -87.605052)"
2641,79th Red Line Station,WB,79,6,-87.6252,41.75111,"(41.75111, -87.6252)"
2642,79th Street & Lafayette,WB,79,6,-87.62611,41.751068,"(41.751068, -87.62611)"
2646,79th Street & Vincennes,WB,"8A,24,79",17,-87.633955,41.750852,"(41.750852, -87.633955)"
2722,79th Street & Kilpatrick,EB,79,18,-87.739215,41.749086,"(41.749086, -87.739215)"
2728,79th Street & Pulaski,EB,"79,169",18,-87.7215,41.749396,"(41.749396, -87.7215)"
2737,79th Street & Kedzie,EB,79,18,-87.702566,41.749709,"(41.749709, -87.702566)"
2816,95th Street & Michigan,EB,"N5,34,95E,100,103,106,111,115,119",9,-87.620736,41.721676,"(41.721676, -87.620736)"
2820,95th Street & Cottage Grove,EB,"100,115",9,-87.604547,41.721944,"(41.721944, -87.604547)"
2909,111th Street & Michigan,WB,111,9,-87.621294,41.692674,"(41.692674, -87.621294)"
3024,Kedzie & Chicago,SB,52,27,-87.706631,41.895366,"(41.895366, -87.706631)"
3041,Kedzie-Homan Blue Line Station,SB,52,24,-87.706017,41.874251,"(41.874251, -87.706017)"
3165,Kedzie & Lake (Green Line),NB,52,27,-87.706107,41.884216,"(41.884216, -87.706107)"
3222,63rd Street & King Drive (Green Line),WB,63,20,-87.615528,41.780301,"(41.780301, -87.615528)"
3245,Ashland/63rd Green Line Station,WB,63,16,-87.663683,41.778812,"(41.778812, -87.663683)"
3246,63rd Street & Ashland (Green Line),WB,63,16,-87.664599,41.779529,"(41.779529, -87.664599)"
3255,63rd Street & Western,WB,63,16,-87.683375,41.779295,"(41.779295, -87.683375)"
3395,63rd Street & Kedzie,EB,63,17,-87.703271,41.778894,"(41.778894, -87.703271)"
3437,63rd Street & King Drive (Green Line),EB,63,20,-87.615717,41.780176,"(41.780176, -87.615717)"
3645,Halsted & 111th Street,NB,"8A,108",34,-87.642253,41.692233,"(41.692233, -87.642253)"
3746,Lawrence & Kimball (Brown Line),EB,81,33,-87.713049,41.968331,"(41.968331, -87.713049)"
3770,Lawrence Red Line Station,EB,81,46,-87.658604,41.968986,"(41.968986, -87.658604)"
3780,Lawrence Red Line Station,WB,81,46,-87.658611,41.969096,"(41.969096, -87.658611)"
3804,Lawrence & Kimball (Brown Line),WB,81,33,-87.713198,41.968483,"(41.968483, -87.713198)"
3868,Laramie & Lake (Green Line),NB,57,28,-87.755267,41.887097,"(41.887097, -87.755267)"
4076,Armitage & Sheffield (Brown & Purple Lines),EB,73,43,-87.653155,41.91802,"(41.91802, -87.653155)"
4184,California & 26th Street,NB,94,24,-87.695137,41.84457,"(41.84457, -87.695137)"
4212,California & Lake (Green Line),NB,94,27,-87.696308,41.884107,"(41.884107, -87.696308)"
4219,Sacrmnto & Chicago,SB,94,27,-87.70246,41.895341,"(41.895341, -87.70246)"
4246,California & Ogden,SB,"94,157",24,-87.695825,41.860876,"(41.860876, -87.695825)"
4410,Pulaski Orange Line Station,EB,62,23,-87.724367,41.800164,"(41.800164, -87.724367)"
4606,Cicero & Archer,NB,"54B,62",14,-87.74273,41.798471,"(41.798471, -87.74273)"
4612,Cicero & 63rd Street,SB,"54B,63W,165",23,-87.742459,41.778589,"(41.778589, -87.742459)"
4644,Halsted & Archer,SB,"8,N62",11,-87.646584,41.847314,"(41.847314, -87.646584)"
4693,Pulaski & 115th Street,NB,53A,19,-87.719956,41.684153,"(41.684153, -87.719956)"
4694,Pulaski & 111th Street,NB,53A,19,-87.720193,41.691114,"(41.691114, -87.720193)"
4704,Pulaski & 79th Street,NB,53A,18,-87.721774,41.749338,"(41.749338, -87.721774)"
4725,Congress & Michigan,WB,"7,126,143,147",42,-87.624024,41.875841,"(41.875841, -87.624024)"
4731,Pulaski & 75th Place,SB,"53A,67",18,-87.722391,41.756938,"(41.756938, -87.722391)"
4732,Adams & State,WB,"1,7,28,126,130,151",42,-87.628105,41.879509,"(41.879509, -87.628105)"
4764,Foster & Pulaski,EB,92,39,-87.728456,41.975459,"(41.975459, -87.728456)"
4864,Marine Drive & Bittersweet,SB,"136,146",46,-87.645552,41.95564,"(41.95564, -87.645552)"
4867,Lake Shore Drive & Belmont,SB,"135,146",44,-87.638928,41.940364,"(41.940364, -87.638928)"
4973,LaSalle & Madison,NB,"134,135,136,156",42,-87.632265,41.881838,"(41.881838, -87.632265)"
4975,LaSalle & Randolph,NB,"134,135,136,156",42,-87.632319,41.884308,"(41.884308, -87.632319)"
4992,Clinton & Quincy,SB,"124,125,130,192",42,-87.641171,41.878741,"(41.878741, -87.641171)"
5024,Clinton & Madison,SB,"128,132,192",42,-87.641267,41.881976,"(41.881976, -87.641267)"
5037,Lake Park & E. Hyde Park Blvd,NB,"2,6,28",4,-87.587888,41.802873,"(41.802873, -87.587888)"
5040,Lake Park & 47th Street Terminal,NB,"2,6,28",4,-87.591638,41.809135,"(41.809135, -87.591638)"
5201,Stony Island & 63rd Street,SB,"6,15,28",20,-87.586561,41.780402,"(41.780402, -87.586561)"
5205,67th Street & Cornell,EB,"N5,6,15,67",5,-87.585174,41.77329,"(41.77329, -87.585174)"
5217,Jeffery & 75th Street,SB,"J14,15",8,-87.576222,41.758627,"(41.758627, -87.576222)"
5229,Jeffery & 87th Street,SB,"J14,15",8,-87.575805,41.736873,"(41.736873, -87.575805)"
5261,103rd Street & Luella,EB,"J14,15",7,-87.568215,41.70797,"(41.70797, -87.568215)"
5264,103rd Street & Bensley,EB,J14,7,-87.563424,41.708063,"(41.708063, -87.563424)"
5266,Torrence & 103rd Street,NB,"J14,100",10,-87.559567,41.708309,"(41.708309, -87.559567)"
5269,100th Street & Torrence,WB,"J14,100",7,-87.560088,41.713643,"(41.713643, -87.560088)"
5273,100th Street & Yates,WB,"J14,15",7,-87.56498,41.713577,"(41.713577, -87.56498)"
5277,100th Street & Paxton,WB,"J14,15",7,-87.569495,41.713512,"(41.713512, -87.569495)"
5280,Van Vlissingen & 99th Street,NWB,"J14,15",7,-87.574066,41.715381,"(41.715381, -87.574066)"
5284,Jeffery & 95th Street,NB,"J14,15",7,-87.575275,41.722349,"(41.722349, -87.575275)"
5285,Jeffery & 93rd Street,NB,"J14,15",7,-87.575379,41.726287,"(41.726287, -87.575379)"
5287,Jeffery & 91st Street,NB,"J14,15",8,-87.57545,41.729853,"(41.729853, -87.57545)"
5299,Jeffery & 79th Street,NB,"J14,15",8,-87.575902,41.7518,"(41.7518, -87.575902)"
5303,Jeffery & 75th Street,NB,"J14,15",8,-87.576075,41.759073,"(41.759073, -87.576075)"
5307,Jeffery & 71st Street,NB,"N5,J14,15",5,-87.57622,41.766348,"(41.766348, -87.57622)"
5311,67th Street & Jeffery,WB,"N5,6,15,67",5,-87.576801,41.773524,"(41.773524, -87.576801)"
5315,67th Street & Cornell Drive,WB,"N5,6,15,67",5,-87.585637,41.773392,"(41.773392, -87.585637)"
5327,Jeffery & 67th Street,NB,J14,5,-87.576383,41.773326,"(41.773326, -87.576383)"
5338,Broadway & Bryn Mawr/Ridge,SB,36,48,-87.660186,41.98387,"(41.98387, -87.660186)"
5518,Jefferson & Lake,NB,56,42,-87.642684,41.885611,"(41.885611, -87.642684)"
5637,Irving Park Blue Line Station,EB,80,45,-87.730143,41.95353,"(41.95353, -87.730143)"
5638,Irving Park & Pulaski,EB,80,45,-87.727787,41.953552,"(41.953552, -87.727787)"
5662,Irving Park Brown Line Station,EB,80,47,-87.674866,41.954103,"(41.954103, -87.674866)"
5682,Irving Park & Ashland,WB,80,47,-87.668883,41.954364,"(41.954364, -87.668883)"
5702,Irving Park & Kimball,WB,80,33,-87.712792,41.953968,"(41.953968, -87.712792)"
5995,Ashland & Irving Park,SB,"9,X9",47,-87.669172,41.954091,"(41.954091, -87.669172)"
6016,Ashland & Cortland,SB,"9,X9",32,-87.667932,41.916304,"(41.916304, -87.667932)"
6024,Ashland & Division (Blue Line),SB,"9,X9",1,-87.667658,41.90351,"(41.90351, -87.667658)"
6032,Ashland & Grand,SB,"9,X9",1,-87.667272,41.891106,"(41.891106, -87.667272)"
6035,Ashland & Lake (Green & Pink Lines),SB,"9,X9",27,-87.667049,41.885095,"(41.885095, -87.667049)"
6046,Ashland & Roosevelt,SB,"9,X9",27,-87.666552,41.867109,"(41.867109, -87.666552)"
6114,Ashland & 79th Street,SB,"9,X9",17,-87.663581,41.750445,"(41.750445, -87.663581)"
6155,Ashland & 87th Street,NB,"9,X9",21,-87.662915,41.735638,"(41.735638, -87.662915)"
6168,Ashland & 74th Street,NB,"9,X9",17,-87.663512,41.759364,"(41.759364, -87.663512)"
6209,Ashland & 35th Street,NB,"9,X9",11,-87.665421,41.830386,"(41.830386, -87.665421)"
6252,Ashland & Milwaukee (Blue Line),NB,"9,X9",2,-87.667365,41.903734,"(41.903734, -87.667365)"
6305,26th Street & Kildare,EB,60,22,-87.731945,41.844076,"(41.844076, -87.731945)"
6308,26th Street & Pulaski,EB,60,22,-87.724703,41.844189,"(41.844189, -87.724703)"
6311,26th Street & Lawndale,EB,60,22,-87.717333,41.844289,"(41.844289, -87.717333)"
6381,Blue Island & Ashland/Cermak,SWB,60,25,-87.666565,41.852161,"(41.852161, -87.666565)"
6597,Fullerton & Sheffield (Red/Brown/Purple Line),EB,"37,74",43,-87.652623,41.925321,"(41.925321, -87.652623)"
6681,Western & Roosevelt,NB,"49,X49,157",28,-87.685903,41.866476,"(41.866476, -87.685903)"
6691,Polk Pink Line Station,EB,"7,157",27,-87.669706,41.871522,"(41.871522, -87.669706)"
7121,Stony Island & 75th Street,NB,28,8,-87.58561,41.758602,"(41.758602, -87.58561)"
7376,92nd Street & Commercial,WB,"30,95E",10,-87.551053,41.728311,"(41.728311, -87.551053)"
7409,69th Street & King Drive,WB,"N5,30,67",20,-87.615229,41.7694,"(41.7694, -87.615229)"
7635,35th Street & State (Green Line),WB,35,3,-87.625936,41.831183,"(41.831183, -87.625936)"
7638,Sox-35th Red Line Station,WB,"35,39",11,-87.630548,41.83103,"(41.83103, -87.630548)"
7858,Belmont & Kimball (Blue Line),EB,77,35,-87.712183,41.939209,"(41.939209, -87.712183)"
7903,Chicago & Orleans,WB,66,27,-87.637411,41.896644,"(41.896644, -87.637411)"
7915,Clybourn & North Ave (Red Line),NWB,132,2,-87.6492,41.910779,"(41.910779, -87.6492)"
7947,Belmont & Kimball (Blue Line),WB,77,35,-87.712196,41.939041,"(41.939041, -87.712196)"
8091,47th Street & Western Avenue,WB,"47,94",15,-87.684687,41.808493,"(41.808493, -87.684687)"
8155,47th Street & Western Avenue,EB,"47,94",15,-87.684563,41.808374,"(41.808374, -87.684563)"
8184,Western & Leland (Brown Line),SB,"49,X49",47,-87.688987,41.96661,"(41.96661, -87.688987)"
8195,Western & Addison,SB,"49,X49",47,-87.688394,41.946379,"(41.946379, -87.688394)"
8199,Western & Belmont,SB,"49,X49",47,-87.688217,41.939562,"(41.939562, -87.688217)"
8214,Western & Cortland (Blue Line),SB,"49,X49",1,-87.687475,41.915794,"(41.915794, -87.687475)"
8221,Western & Division,SB,"49,X49",26,-87.687113,41.9031,"(41.9031, -87.687113)"
8225,Western & Chicago,SB,"49,X49",26,-87.686991,41.895885,"(41.895885, -87.686991)"
8283,Western & 55th Street/Garfield,SB,"49,X49",15,-87.684176,41.793997,"(41.793997, -87.684176)"
8323,Western & 63rd Street,NB,"49,X49",16,-87.683423,41.779036,"(41.779036, -87.683423)"
8337,Western Orange Line Station,NB,94,15,-87.684135,41.805339,"(41.805339, -87.684135)"
8360,Western & Cermak,NB,"49,X49",25,-87.685514,41.851915,"(41.851915, -87.685514)"
8379,Western & Madison,NB,"49,X49",27,-87.6863,41.881051,"(41.881051, -87.6863)"
8388,Western & Chicago,NB,"49,X49",1,-87.686706,41.895635,"(41.895635, -87.686706)"
8391,Western & Division,NB,"49,X49",1,-87.686968,41.902935,"(41.902935, -87.686968)"
8399,Western & Milwaukee (Blue Line),NB,49,32,-87.687238,41.916528,"(41.916528, -87.687238)"
8539,Harlem & Foster,SB,90,41,-87.807153,41.974631,"(41.974631, -87.807153)"
8905,Damen & Polk,NB,"50, 755",27,-87.676278,41.87139,"(41.87139, -87.676278)"
8994,Irving Park Blue Line Station,SB,53,45,-87.727739,41.951946,"(41.951946, -87.727739)"
9017,Pulaski & North Ave,SB,53,26,-87.72653,41.909618,"(41.909618, -87.72653)"
9039,Pulaski Blue Line Station,SB,53,24,-87.725531,41.873832,"(41.873832, -87.725531)"
9236,Belmont & Harlem,EB,77,29,-87.806953,41.937925,"(41.937925, -87.806953)"
9408,87th Red Line Station,EB,87,21,-87.624829,41.736161,"(41.736161, -87.624829)"
9453,91st Street & Commercial,WB,"26,87",10,-87.551111,41.730147,"(41.730147, -87.551111)"
9454,87th Street & Commercial,WB,87,10,-87.551726,41.737443,"(41.737443, -87.551726)"
9511,87th Street & Western,WB,87,18,-87.682215,41.735648,"(41.735648, -87.682215)"
9612,Austin Blue Line Station,SB,91,0,-87.774366,41.871102,"(41.871102, -87.774366)"
9620,Austin & Railroad Ave (Blue Line),NB,91,29,-87.774232,41.870322,"(41.870322, -87.774232)"
9798,Gale & Milwaukee,SWB,"85,88",45,-87.763491,41.970525,"(41.970525, -87.763491)"
10178,69th Red Line Station,EB,"N5,67",6,-87.626013,41.769099,"(41.769099, -87.626013)"
10228,Cicero & North Ave,SB,54,37,-87.746256,41.909316,"(41.909316, -87.746256)"
10252,Cicero Blue Line Station,SB,54,29,-87.745063,41.871614,"(41.871614, -87.745063)"
10292,Cicero & Madison,NB,54,28,-87.745173,41.880347,"(41.880347, -87.745173)"
10492,Irving Park & Milwaukee/Cicero,EB,"54A,80",45,-87.746596,41.953343,"(41.953343, -87.746596)"
10502,55th Street & Pulaski,EB,55,13,-87.72267,41.793143,"(41.793143, -87.72267)"
10519,55th Street & Western Avenue,EB,55,15,-87.684239,41.793796,"(41.793796, -87.684239)"
10524,Garfield & Damen,EB,55,15,-87.673988,41.793501,"(41.793501, -87.673988)"
10528,Garfield & Ashland,EB,55,16,-87.664294,41.793616,"(41.793616, -87.664294)"
10536,Garfield & Halsted,EB,55,20,-87.644799,41.793895,"(41.793895, -87.644799)"
10548,Garfield Green Line Station,EB,55,3,-87.618326,41.794388,"(41.794388, -87.618326)"
10566,55th Street & Hyde Park Blvd,WB,"55,171",5,-87.584154,41.795284,"(41.795284, -87.584154)"
10575,55th Street & Ellis,WB,55,5,-87.601022,41.795112,"(41.795112, -87.601022)"
10582,Garfield Green Line Station,WB,55,3,-87.61831,41.794816,"(41.794816, -87.61831)"
10589,Garfield Red Line Station,WB,"55,59",3,-87.6311,41.794585,"(41.794585, -87.6311)"
10792,71st Street & Cottage Grove/S. Chicago,EB,71,5,-87.60473,41.765748,"(41.765748, -87.60473)"
10854,75th Street & Exchange,WB,"N5,71,75",7,-87.560031,41.759213,"(41.759213, -87.560031)"
10973,Diversey & Narragansett,EB,76,36,-87.785821,41.930935,"(41.930935, -87.785821)"
11005,Logan Square Blue Line Station,EB,76,35,-87.707798,41.92989,"(41.92989, -87.707798)"
11037,Diversey & Sheridan/Lakeview,WB,76,44,-87.63963,41.932961,"(41.932961, -87.63963)"
11040,Diversey & Clark/Broadway,WB,76,44,-87.64532,41.932849,"(41.932849, -87.64532)"
11044,Diversey Brown Line Station,WB,76,44,-87.652961,41.932714,"(41.932714, -87.652961)"
11071,Diversey & Milwaukee/Kimball,WB,76,35,-87.711983,41.932041,"(41.932041, -87.711983)"
11119,Kimball & Bryn Mawr,SB,82,39,-87.713809,41.983084,"(41.983084, -87.713809)"
11123,Kimball & Foster,SB,"82,93",39,-87.713643,41.975378,"(41.975378, -87.713643)"
11143,Kimball & Diversey/Milwaukee,SB,82,35,-87.712397,41.932291,"(41.932291, -87.712397)"
11174,Homan & Madison,SB,82,28,-87.711101,41.881099,"(41.881099, -87.711101)"
11267,Kimball & Diversey/Milwaukee,NB,82,35,-87.712224,41.932303,"(41.932303, -87.712224)"
11271,Kimball & Belmont (Blue Line),NB,82,35,-87.712383,41.93917,"(41.93917, -87.712383)"
11307,Montrose & Neenah,EB,78,38,-87.790587,41.960029,"(41.960029, -87.790587)"
11324,Montrose & Cicero,EB,78,45,-87.747719,41.960648,"(41.960648, -87.747719)"
11326,Montrose Blue Line Station,EB,78,45,-87.743552,41.960706,"(41.960706, -87.743552)"
11373,Montrose Brown Line Station,WB,78,47,-87.675155,41.961558,"(41.961558, -87.675155)"
11554,Central & North Ave,SB,85,29,-87.765799,41.909516,"(41.909516, -87.765799)"
11583,Central & Corcoran (Green Line),NB,85,37,-87.76499,41.887105,"(41.887105, -87.76499)"
11667,Touhy & Lehigh,EB,85A,41,-87.773448,42.011846,"(42.011846, -87.773448)"
11877,California & Devon,SB,93,50,-87.699728,41.997646,"(41.997646, -87.699728)"
12515,Addison Blue Line Station,EB,152,35,-87.717525,41.946417,"(41.946417, -87.717525)"
12533,Addison Brown Line Station,EB,152,47,-87.674648,41.946842,"(41.946842, -87.674648)"
12554,Addison Red Line Station,WB,152,44,-87.653611,41.947299,"(41.947299, -87.653611)"
12639,Central Street & Girard (Purple Line),EB,201,0,-87.685817,42.064163,"(42.064163, -87.685817)"
14010,95th Red Line Station,SB,112,21,-87.624036,41.722304,"(41.722304, -87.624036)"
14011,95th Red Line Station,NB,"34,119",21,-87.624764,41.722299,"(41.722299, -87.624764)"
14061,LaSalle & Quincy,NB,"134,135,136,156",42,-87.632166,41.878724,"(41.878724, -87.632166)"
14067,18th Street & Paulina (Pink Line),WB,18,25,-87.669097,41.85781,"(41.85781, -87.669097)"
14126,Kedzie Orange Line Station,NEB,51,14,-87.704456,41.804866,"(41.804866, -87.704456)"
14132,Western Orange Line Station,SB,"48,49,X49",15,-87.684005,41.80496,"(41.80496, -87.684005)"
14137,Halsted Orange Line Station,WB,62,11,-87.647977,41.84674,"(41.84674, -87.647977)"
14139,69th Red Line Station,WB,"N5,30,67",6,-87.625853,41.76882,"(41.76882, -87.625853)"
14143,Cumberland Blue Line Station,SWB,81W,41,-87.839028,41.98368,"(41.98368, -87.839028)"
14145,Harlem Blue Line Station,NB,90,41,-87.808408,41.981962,"(41.981962, -87.808408)"
14409,Davis Purple Line Station,SB,93,0,-87.683473,42.047775,"(42.047775, -87.683473)"
14428,North Ave & Clybourn/Halsted (Red Line),WB,"N9,72",43,-87.648504,41.910989,"(41.910989, -87.648504)"
14459,Roosevelt & Halsted,EB,"12,18,N62",11,-87.646325,41.867071,"(41.867071, -87.646325)"
14467,Madison & Halsted,WB,20,27,-87.647558,41.881853,"(41.881853, -87.647558)"
14476,Ashland Orange Line Station,SB,"9,X9",25,-87.665386,41.839035,"(41.839035, -87.665386)"
14485,Michigan & Congress,NB,"1,3,4,6,J14,26,28",42,-87.624126,41.87554,"(41.87554, -87.624126)"
14488,Michigan & Superior,SB,"3,10,26,125,143,146,147,148,151",42,-87.624422,41.895823,"(41.895823, -87.624422)"
14495,Halsted & 69th Street,NB,8,6,-87.644422,41.769028,"(41.769028, -87.644422)"
14497,Halsted & 103rd Street,NB,"8A,108",34,-87.642709,41.707072,"(41.707072, -87.642709)"
14502,47th Street & Pulaski,EB,47,14,-87.723249,41.807815,"(41.807815, -87.723249)"
14508,Dearborn & Jackson,NB,"22,24,36,62",4,-87.629201,41.878035,"(41.878035, -87.629201)"
14522,Chicago & Kedzie,WB,66,27,-87.706738,41.89563,"(41.89563, -87.706738)"
14529,Western & Berwyn,SB,"49,49B",40,-87.689336,41.977533,"(41.977533, -87.689336)"
14546,Western & Madison,SB,"49,X49",27,-87.686556,41.881005,"(41.881005, -87.686556)"
14550,Irving Park & Central,EB,80,38,-87.766681,41.953094,"(41.953094, -87.766681)"
14554,Western & Roosevelt,SB,"49,X49,157",28,-87.686157,41.866296,"(41.866296, -87.686157)"
14555,Western & Cermak,SB,"49,X49",28,-87.685756,41.851825,"(41.851825, -87.685756)"
14558,Irving Park & Kedzie,EB,80,33,-87.707632,41.953825,"(41.953825, -87.707632)"
14559,McCormick Place,NB,"3,21",4,-87.618849,41.851536,"(41.851536, -87.618849)"
14572,Cottage Grove & 75th Street,NB,4,8,-87.605318,41.758865,"(41.758865, -87.605318)"
14573,Cottage Grove & 71st Street/South Chicago,NB,4,5,-87.60547,41.766173,"(41.766173, -87.60547)"
14574,Cottage Grove & 47th Street,NB,4,4,-87.606462,41.809748,"(41.809748, -87.606462)"
14576,Western & 63rd Street,SB,"49,X49",16,-87.683783,41.779029,"(41.779029, -87.683783)"
14592,Western & Lawrence,NB,"11,49,49B,X49",47,-87.688769,41.968857,"(41.968857, -87.688769)"
14627,Pulaski & Chicago,SB,"53,N66",37,-87.726178,41.895154,"(41.895154, -87.726178)"
14760,Michigan & 16th Street,NB,"1,3,4,12",3,-87.62388,41.860502,"(41.860502, -87.62388)"
14766,Madison & Homan,WB,20,28,-87.711238,41.880994,"(41.880994, -87.711238)"
14771,Cicero & Belmont,SB,54,31,-87.747024,41.938631,"(41.938631, -87.747024)"
14774,Grand & Milwaukee (Blue Line),WB,65,27,-87.648147,41.891251,"(41.891251, -87.648147)"
14775,Illinois & State,EB,"29,65",42,-87.627745,41.890819,"(41.890819, -87.627745)"
14778,87th Street & Racine,EB,"24,87",21,-87.653046,41.735844,"(41.735844, -87.653046)"
14783,Ashland & Lake (Green Line),NB,"9,X9",27,-87.666772,41.88522,"(41.88522, -87.666772)"
14816,Kedzie & 63rd Street,NB,"52,52A",16,-87.70305,41.77914,"(41.77914, -87.70305)"
14832,North Ave & Kimball/Homan,WB,72,26,-87.712315,41.910155,"(41.910155, -87.712315)"
14840,Madison & Kedzie,WB,20,28,-87.706375,41.881024,"(41.881024, -87.706375)"
14844,Central & Madison,NB,85,29,-87.764762,41.88047,"(41.88047, -87.764762)"
14855,63rd Street & California,EB,63,17,-87.693167,41.779044,"(41.779044, -87.693167)"
14912,Belmont & Lincoln/Ashland,EB,77,32,-87.668256,41.939643,"(41.939643, -87.668256)"
14943,Ewing & 106th Street,NB,30,10,-87.535193,41.70298,"(41.70298, -87.535193)"
14950,Michigan & 111th Street,NB,"34,119",9,-87.620971,41.692747,"(41.692747, -87.620971)"
14951,Michigan & 111th Street,SB,"34,119",9,-87.62112,41.692401,"(41.692401, -87.62112)"
14953,35th Street & State (Green Line),EB,35,3,-87.626172,41.830952,"(41.830952, -87.626172)"
14954,Roosevelt & Pulaski,EB,12,24,-87.72491,41.866082,"(41.866082, -87.72491)"
14956,Madison & Central,EB,20,29,-87.764612,41.880141,"(41.880141, -87.764612)"
14959,Madison & Cicero,EB,20,28,-87.744968,41.880392,"(41.880392, -87.744968)"
14964,Western & Irving Park,SB,"49,X49",47,-87.688588,41.953731,"(41.953731, -87.688588)"
14969,26th Street & Kedzie,WB,60,12,-87.705221,41.844565,"(41.844565, -87.705221)"
14974,Cicero & Fullerton,SB,54,31,-87.746436,41.92396,"(41.92396, -87.746436)"
14981,Roosevelt & California,WB,12,28,-87.696209,41.866606,"(41.866606, -87.696209)"
14982,Roosevelt & California,EB,12,28,-87.695645,41.866405,"(41.866405, -87.695645)"
15011,North Ave & Central,EB,72,37,-87.765465,41.909272,"(41.909272, -87.765465)"
15012,Laramie & North Ave,SB,57,37,-87.755988,41.909107,"(41.909107, -87.755988)"
15015,Irving Park & Narragansett,EB,80,38,-87.786249,41.952848,"(41.952848, -87.786249)"
15025,87th Street & Cottage Grove,WB,87,6,-87.605208,41.736711,"(41.736711, -87.605208)"
15026,95th Street & Halsted,EB,"N9,95W,112",21,-87.642801,41.721355,"(41.721355, -87.642801)"
15136,Madison & Pulaski,WB,20,28,-87.725953,41.880833,"(41.880833, -87.725953)"
15160,95th Street & Wentworth,WB,"N9,95W,108,112",21,-87.629179,41.721755,"(41.721755, -87.629179)"
15210,63rd Street & Western,EB,63,16,-87.683161,41.779085,"(41.779085, -87.683161)"
15241,Michigan & Monroe,NB,"3,4,6,J14,26,143",42,-87.624187,41.880665,"(41.880665, -87.624187)"
15382,Foster & Pulaski (Jewel),WB,92,39,-87.72989,41.975585,"(41.975585, -87.72989)"
15391,67th Street & Oglesby,WB,"6,26,67",5,-87.568204,41.773596,"(41.773596, -87.568204)"
15426,Soldier Field & Field Museum,WB,"130,146",4,-87.614516,41.865126,"(41.865126, -87.614516)"
15495,Jeffery & 87th Street,NB,"J14,15",8,-87.575626,41.736961,"(41.736961, -87.575626)"
15537,King Drive & 63rd Street (Green Line),SB,3,20,-87.615701,41.780383,"(41.780383, -87.615701)"
15683,35th/Archer Orange Line Station,NEB,62,12,-87.681216,41.828905,"(41.828905, -87.681216)"
15867,State & 79th Street,NB,"29,75",6,-87.624487,41.751457,"(41.751457, -87.624487)"
15886,87th Street Red Line Station,WB,87,21,-87.624766,41.736411,"(41.736411, -87.624766)"
15897,Monroe & Wabash,EB,J14,42,-87.62592,41.880743,"(41.880743, -87.62592)"
15904,LaSalle & Wacker/Lake,NB,"134,135,136,156",42,-87.6323,41.886302,"(41.886302, -87.6323)"
15959,Irving Park & Harlem,EB,80,38,-87.806868,41.95269,"(41.95269, -87.806868)"
17097,79th Red Line Station,EB,79,6,-87.624941,41.750899,"(41.750899, -87.624941)"
17309,111th Street & Western,EB,112,19,-87.680647,41.691698,"(41.691698, -87.680647)"
17363,King Drive & 79th Street,SB,3,6,-87.615039,41.750921,"(41.750921, -87.615039)"
17379,Belmont Red/Brown/Purple Line Station,WB,77,44,-87.653062,41.93987,"(41.93987, -87.653062)"
17404,Western & North Ave,NB,"49,X49",32,-87.687097,41.910477,"(41.910477, -87.687097)"
17564,Jeffery & 71st Street,SB,"N5,J14,15",5,-87.576383,41.766336,"(41.766336, -87.576383)"
17572,Cottage Grove & 63rd Street (Green Line),NB,4,20,-87.605819,41.780568,"(41.780568, -87.605819)"
17706,100th Street & Paxton,EB,"J14,15",7,-87.569633,41.713395,"(41.713395, -87.569633)"
17967,Cottage Grove & 67th Street,SB,4,20,-87.605894,41.772906,"(41.772906, -87.605894)"
