month,day,year,apparentTemperatureHigh,apparentTemperatureHighTime,apparentTemperatureLow,apparentTemperatureLowTime,apparentTemperatureMax,apparentTemperatureMaxTime,apparentTemperatureMin,apparentTemperatureMinTime,cloudCover,dewPoint,humidity,moonPhase,precipIntensity,precipIntensityMax,precipProbability,pressure,sunriseTime,sunsetTime,temperatureHigh,temperatureHighTime,temperatureLow,temperatureLowTime,uvIndex,uvIndexTime,visibility,windBearing,windGust,windGustTime,windSpeed,precipIntensityMaxTime,precipAccumulation,daylight_duration,icon_clear-day,icon_cloudy,icon_fog,icon_partly-cloudy-day,icon_rain,icon_snow,precipType_None,precipType_rain,precipType_snow
1.0,1.0,2015.0,23.69,13.0,19.8,6.0,23.69,13.0,6.02,4.0,0.32,12.15,0.62,0.4,0.0,0.0,0.0,1018.69,5.316666666666666,14.516666666666667,31.07,13.0,19.8,6.0,2.0,10.0,7.412,237.0,17.89,9.0,7.15,0.0,0.0,9.200000000000001,0,0,0,1,0,0,1,0,0
1.0,2.0,2015.0,34.65,12.0,28.63,22.0,34.65,12.0,19.8,6.0,0.36,19.87,0.71,0.43,0.0,0.0,0.0,1024.52,5.316666666666666,14.533333333333333,34.65,12.0,30.99,2.0,2.0,10.0,7.388,180.0,5.84,22.0,1.67,0.0,0.0,9.216666666666667,0,0,0,1,0,0,1,0,0
1.0,3.0,2015.0,34.83,13.0,26.0,6.0,34.83,13.0,28.63,22.0,0.99,31.0,0.91,0.47,0.0177,0.07,1.0,1013.25,5.316666666666666,14.55,34.83,13.0,31.55,6.0,1.0,10.0,2.536,71.0,5.84,22.0,1.74,9.0,0.0,9.233333333333334,0,0,0,0,1,0,0,1,0
1.0,4.0,2015.0,27.22,5.0,-13.49,6.0,34.32,22.0,-8.33,22.0,0.73,19.02,0.84,0.5,0.0019,0.0132,1.0,1018.17,5.316666666666666,14.566666666666666,31.98,5.0,-1.58,5.0,1.0,10.0,3.515,301.0,17.36,19.0,6.21,22.0,0.0,9.25,0,0,0,0,1,0,0,1,0
1.0,5.0,2015.0,-2.66,17.0,-4.13,6.0,8.02,22.0,-13.49,6.0,0.51,-3.6,0.72,0.53,0.0,0.0,0.0,1034.87,5.316666666666666,14.583333333333334,6.49,17.0,3.68,6.0,2.0,10.0,6.26,264.0,14.3,22.0,5.16,0.0,0.0,9.266666666666667,0,0,0,1,0,0,1,0,0
1.0,6.0,2015.0,4.04,5.0,-13.52,6.0,8.31,0.0,-4.94,22.0,0.62,2.41,0.77,0.56,0.0,0.0,0.0,1027.91,5.316666666666666,14.583333333333334,11.18,11.0,0.59,6.0,2.0,10.0,6.119,278.0,16.93,13.0,5.55,0.0,0.0,9.266666666666667,0,0,0,1,0,0,1,0,0
1.0,7.0,2015.0,-10.95,13.0,-19.73,3.0,-4.94,22.0,-16.55,22.0,0.07,-8.47,0.62,0.59,0.0,0.0,0.0,1038.24,5.316666666666666,14.6,3.37,11.0,-6.84,2.0,2.0,10.0,7.387,300.0,18.95,8.0,7.84,0.0,0.0,9.283333333333333,1,0,0,0,0,0,1,0,0
1.0,8.0,2015.0,1.74,17.0,-8.17,6.0,6.75,19.0,-19.73,3.0,0.71,-1.51,0.78,0.62,0.0,0.0,0.0,1022.69,5.316666666666666,14.616666666666667,13.88,17.0,4.46,6.0,1.0,10.0,4.695,225.0,21.34,14.0,8.56,0.0,0.0,9.3,0,0,0,1,0,0,1,0,0
1.0,9.0,2015.0,-6.74,5.0,-10.11,18.0,1.21,22.0,-10.11,18.0,0.47,-1.9,0.69,0.65,0.0,0.0,0.0,1025.42,5.3,14.633333333333333,6.24,13.0,-0.26,5.0,1.0,10.0,6.551,279.0,20.75,22.0,7.98,0.0,0.0,9.333333333333332,0,0,0,1,0,0,1,0,0
1.0,10.0,2015.0,12.89,17.0,12.89,17.0,17.69,22.0,-9.06,3.0,0.48,3.77,0.71,0.68,0.0,0.0,0.0,1029.19,5.3,14.666666666666666,21.1,17.0,21.1,17.0,2.0,10.0,7.261,212.0,17.41,9.0,5.92,0.0,0.0,9.366666666666667,0,0,0,1,0,0,1,0,0
1.0,11.0,2015.0,29.22,12.0,13.6,6.0,29.22,12.0,17.38,2.0,0.9,20.73,0.74,0.71,0.0001,0.0014,0.24,1025.11,5.3,14.683333333333334,33.18,12.0,21.97,6.0,1.0,10.0,5.594,206.0,10.47,23.0,4.2,12.0,0.0,9.383333333333333,0,1,0,0,0,0,0,0,1
1.0,12.0,2015.0,15.58,5.0,8.51,19.0,29.05,22.0,8.51,19.0,0.84,15.53,0.76,0.74,0.0,0.0,0.0,1032.76,5.3,14.7,22.6,5.0,16.26,6.0,2.0,10.0,5.669,351.0,16.55,12.0,5.85,0.0,0.0,9.399999999999999,0,0,0,1,0,0,1,0,0
1.0,13.0,2015.0,20.33,13.0,5.34,5.0,20.33,13.0,8.96,7.0,0.59,9.93,0.74,0.77,0.0,0.0,0.0,1038.26,5.283333333333333,14.716666666666667,20.33,13.0,5.34,5.0,2.0,10.0,6.755,68.0,12.87,22.0,3.43,0.0,0.0,9.433333333333334,0,0,0,1,0,0,1,0,0
1.0,14.0,2015.0,14.88,13.0,8.31,18.0,14.88,13.0,5.34,5.0,0.65,7.74,0.78,0.8,0.0,0.0,0.0,1027.82,5.283333333333333,14.733333333333333,20.52,13.0,15.94,18.0,2.0,10.0,6.038,220.0,8.97,11.0,3.1,0.0,0.0,9.45,0,0,0,1,0,0,1,0,0
1.0,15.0,2015.0,28.72,13.0,24.12,17.0,28.72,13.0,11.4,4.0,0.41,19.52,0.77,0.84,0.0006,0.0047,0.62,1018.16,5.266666666666667,14.75,34.84,13.0,24.77,3.0,2.0,10.0,6.338,231.0,14.53,12.0,5.18,13.0,0.004,9.483333333333334,0,0,0,0,0,1,0,0,1
1.0,16.0,2015.0,33.08,9.0,23.43,22.0,33.08,9.0,23.43,22.0,0.43,24.28,0.81,0.87,0.0007,0.0056,0.64,1020.15,5.266666666666667,14.766666666666667,34.6,11.0,28.76,21.0,2.0,10.0,5.443,128.0,9.46,13.0,3.32,12.0,0.003,9.5,0,0,0,0,0,1,0,0,1
1.0,17.0,2015.0,37.9,11.0,30.19,5.0,37.9,11.0,23.43,22.0,0.56,31.3,0.77,0.91,0.0005,0.0047,0.49,1006.73,5.25,14.783333333333333,43.28,12.0,35.38,6.0,2.0,10.0,6.437,211.0,18.98,9.0,7.88,8.0,0.0,9.533333333333333,0,0,0,0,1,0,0,1,0
1.0,18.0,2015.0,36.19,13.0,26.19,5.0,36.19,13.0,29.71,7.0,0.58,30.08,0.78,0.95,0.0,0.0,0.0,1010.39,5.25,14.816666666666666,40.75,12.0,26.19,5.0,2.0,10.0,6.868,270.0,14.66,23.0,5.25,0.0,0.0,9.566666666666666,0,0,0,1,0,0,1,0,0
1.0,19.0,2015.0,40.44,11.0,33.13,4.0,40.44,11.0,26.19,5.0,0.5,28.58,0.83,0.98,0.0,0.0,0.0,1015.48,5.233333333333333,14.833333333333334,40.44,11.0,33.13,4.0,2.0,10.0,5.893,91.0,6.9,16.0,1.78,22.0,0.0,9.600000000000001,0,0,0,1,0,0,1,0,0
1.0,20.0,2015.0,37.26,9.0,27.55,19.0,37.26,9.0,27.55,19.0,0.93,31.44,0.89,0.02,0.0001,0.0008,0.25,1013.4,5.233333333333333,14.85,37.26,9.0,31.56,0.0,2.0,10.0,3.388,17.0,10.66,14.0,2.95,19.0,0.0,9.616666666666667,0,1,0,0,0,0,0,1,0
1.0,21.0,2015.0,32.5,7.0,28.31,17.0,32.5,7.0,27.89,22.0,0.99,28.2,0.86,0.06,0.0,0.0004,0.06,1019.42,5.216666666666667,14.866666666666667,33.28,10.0,29.44,2.0,2.0,10.0,4.818,358.0,9.54,11.0,3.22,11.0,0.0,9.65,0,1,0,0,0,0,1,0,0
1.0,22.0,2015.0,32.32,15.0,23.92,3.0,32.32,15.0,24.64,22.0,1.0,24.81,0.77,0.1,0.0,0.0,0.0,1029.73,5.2,14.883333333333333,32.88,13.0,29.98,2.0,2.0,10.0,6.637,270.0,10.3,22.0,3.02,0.0,0.0,9.683333333333334,0,1,0,0,0,0,1,0,0
1.0,23.0,2015.0,26.44,13.0,24.13,18.0,26.44,13.0,23.92,3.0,0.89,24.97,0.79,0.14,0.0,0.0,0.0,1020.13,5.2,14.916666666666666,32.36,12.0,29.67,18.0,2.0,10.0,6.149,235.0,13.14,11.0,5.8,0.0,0.0,9.716666666666665,0,1,0,0,0,0,1,0,0
1.0,24.0,2015.0,37.66,11.0,25.81,6.0,37.66,11.0,25.8,3.0,0.8,29.48,0.81,0.18,0.0,0.0,0.0,1006.42,5.183333333333334,14.933333333333334,41.8,11.0,32.98,22.0,2.0,10.0,5.873,261.0,12.51,13.0,3.99,0.0,0.0,9.75,0,0,0,1,0,0,1,0,0
1.0,25.0,2015.0,27.85,5.0,17.37,22.0,33.16,0.0,17.37,22.0,0.92,26.08,0.85,0.21,0.0008,0.0052,0.59,1010.49,5.166666666666667,14.95,34.04,5.0,19.04,5.0,2.0,10.0,3.939,36.0,19.8,13.0,7.11,7.0,0.005,9.783333333333331,0,0,0,0,0,1,0,0,1
1.0,26.0,2015.0,27.22,13.0,20.87,0.0,27.22,13.0,17.37,22.0,0.83,19.37,0.8,0.25,0.0,0.0,0.0,1014.56,5.15,14.983333333333333,27.9,12.0,26.45,18.0,2.0,10.0,4.997,151.0,10.02,22.0,2.47,12.0,0.0,9.833333333333332,0,0,0,1,0,0,1,0,0
1.0,27.0,2015.0,28.15,6.0,18.71,6.0,28.15,6.0,20.87,0.0,0.62,21.52,0.78,0.28,0.0003,0.0031,0.48,1021.36,5.15,15.0,31.35,11.0,22.23,5.0,2.0,11.0,6.078,46.0,9.31,13.0,3.02,12.0,0.003,9.85,0,0,0,0,0,1,0,0,1
1.0,28.0,2015.0,28.6,12.0,25.64,17.0,28.6,12.0,18.71,6.0,0.52,20.43,0.69,0.32,0.0,0.0,0.0,1021.16,5.133333333333334,15.016666666666667,34.77,12.0,32.76,17.0,2.0,10.0,6.626,162.0,15.11,21.0,5.17,12.0,0.0,9.883333333333333,0,0,0,1,0,0,1,0,0
1.0,29.0,2015.0,32.6,5.0,14.78,6.0,35.63,3.0,23.26,22.0,0.96,26.71,0.72,0.35,0.0001,0.0009,0.19,1015.32,5.116666666666666,15.033333333333333,35.94,5.0,21.91,6.0,2.0,10.0,6.19,316.0,18.67,9.0,6.75,8.0,0.0,9.916666666666668,0,1,0,0,0,0,0,0,1
1.0,30.0,2015.0,29.67,13.0,20.62,5.0,29.67,13.0,14.78,6.0,0.31,13.64,0.6,0.38,0.0,0.0,0.0,1031.69,5.1,15.066666666666666,29.67,13.0,21.32,22.0,2.0,10.0,6.893,337.0,15.3,22.0,3.8,0.0,0.0,9.966666666666667,0,0,0,1,0,0,1,0,0
1.0,31.0,2015.0,36.98,14.0,25.33,6.0,36.98,14.0,20.62,5.0,0.8,24.41,0.76,0.41,0.0002,0.002,0.16,1024.03,5.083333333333333,15.083333333333334,37.33,12.0,31.22,6.0,2.0,10.0,5.624,232.0,12.04,9.0,3.36,19.0,0.001,10.0,0,0,0,1,0,0,0,0,1
2.0,1.0,2015.0,26.12,5.0,-1.38,5.0,31.91,23.0,7.57,22.0,1.0,25.48,0.93,0.44,0.0001,0.0005,0.1,1013.26,5.066666666666666,15.1,31.26,5.0,9.35,6.0,2.0,10.0,0.646,44.0,22.78,17.0,8.11,0.0,0.001,10.033333333333333,0,0,1,0,0,0,0,0,1
2.0,2.0,2015.0,11.67,12.0,0.16,19.0,11.67,12.0,-1.38,5.0,0.52,8.3,0.79,0.47,0.0002,0.0025,0.29,1021.63,5.05,15.133333333333333,19.8,12.0,7.46,1.0,3.0,10.0,5.046,303.0,20.93,22.0,6.73,13.0,0.004,10.083333333333332,0,0,0,1,0,0,0,0,1
2.0,3.0,2015.0,25.2,17.0,12.64,6.0,27.14,22.0,1.44,22.0,0.8,15.35,0.84,0.5,0.0,0.0,0.0,1020.54,5.033333333333333,15.15,25.84,12.0,20.96,6.0,2.0,10.0,5.319,213.0,10.78,11.0,2.99,0.0,0.0,10.116666666666667,0,0,0,1,0,0,1,0,0
2.0,4.0,2015.0,15.61,5.0,-3.54,4.0,27.22,23.0,2.87,22.0,0.73,14.94,0.81,0.53,0.0,0.0,0.0,1022.48,5.016666666666667,15.166666666666666,21.63,5.0,3.04,5.0,2.0,10.0,4.208,326.0,13.16,13.0,4.5,0.0,0.0,10.149999999999999,0,0,0,1,0,0,1,0,0
2.0,5.0,2015.0,11.39,8.0,-0.26,18.0,11.39,8.0,-3.54,4.0,0.25,1.3,0.66,0.56,0.0,0.0,0.0,1030.59,5.0,15.183333333333334,17.12,12.0,9.94,18.0,3.0,10.0,6.599,244.0,15.58,21.0,4.85,0.0,0.0,10.183333333333334,0,0,0,1,0,0,1,0,0
2.0,6.0,2015.0,27.25,14.0,22.28,20.0,27.39,18.0,2.9,22.0,0.56,15.88,0.73,0.59,0.0003,0.0029,0.39,1021.08,4.983333333333333,15.216666666666667,32.26,14.0,26.41,4.0,2.0,10.0,6.461,207.0,14.12,22.0,4.62,14.0,0.002,10.233333333333334,0,0,0,0,0,1,0,0,1
2.0,7.0,2015.0,39.4,12.0,36.18,4.0,40.59,20.0,22.98,22.0,0.36,30.73,0.82,0.62,0.0029,0.0248,0.75,1008.9,4.95,15.233333333333333,42.96,13.0,36.18,4.0,3.0,10.0,5.487,199.0,10.44,10.0,3.85,10.0,0.0,10.283333333333331,0,0,0,0,1,0,0,1,0
2.0,8.0,2015.0,36.35,5.0,17.57,5.0,40.21,22.0,20.91,22.0,0.85,32.03,0.9,0.65,0.0001,0.0012,0.28,1007.87,4.933333333333334,15.25,36.91,10.0,26.05,5.0,2.0,10.0,3.061,359.0,17.21,15.0,5.13,15.0,0.0,10.316666666666666,0,0,0,1,0,0,0,1,0
2.0,9.0,2015.0,20.07,15.0,18.95,17.0,20.91,22.0,17.57,5.0,0.94,22.05,0.83,0.69,0.0,0.0,0.0,1021.95,4.916666666666667,15.283333333333333,27.56,13.0,23.51,4.0,2.0,10.0,6.069,10.0,14.62,12.0,6.63,0.0,0.0,10.366666666666667,0,1,0,0,0,0,1,0,0
2.0,10.0,2015.0,29.8,13.0,20.62,19.0,29.8,13.0,18.95,2.0,0.76,19.58,0.72,0.72,0.0,0.0,0.0,1022.97,4.9,15.3,32.72,13.0,28.0,20.0,3.0,10.0,8.013,124.0,12.84,19.0,3.82,0.0,0.0,10.4,0,0,0,1,0,0,1,0,0
2.0,11.0,2015.0,30.33,9.0,-3.47,6.0,30.33,9.0,10.05,22.0,0.88,23.37,0.75,0.75,0.0,0.0,0.0,1017.66,4.883333333333333,15.316666666666666,36.24,10.0,10.14,6.0,2.0,10.0,6.91,281.0,17.31,17.0,6.53,0.0,0.0,10.433333333333334,0,1,0,0,0,0,1,0,0
2.0,12.0,2015.0,9.06,13.0,-0.54,6.0,12.31,19.0,-3.47,6.0,0.44,2.74,0.6,0.78,0.0,0.0,0.0,1029.69,4.85,15.333333333333334,17.52,13.0,6.63,3.0,3.0,10.0,6.386,325.0,20.98,3.0,6.65,0.0,0.0,10.483333333333334,0,0,0,1,0,0,1,0,0
2.0,13.0,2015.0,16.89,17.0,3.79,6.0,20.71,22.0,-0.54,6.0,0.68,8.92,0.71,0.82,0.0,0.0,0.0,1022.84,4.833333333333333,15.366666666666667,24.35,17.0,17.34,6.0,2.0,10.0,7.088,230.0,15.67,12.0,5.48,0.0,0.0,10.533333333333335,0,0,0,1,0,0,1,0,0
2.0,14.0,2015.0,10.32,5.0,-14.09,2.0,21.82,23.0,-9.79,22.0,0.65,3.01,0.6,0.85,0.0,0.0,0.0,1021.19,4.816666666666666,15.383333333333333,21.69,5.0,-0.33,4.0,3.0,10.0,6.033,320.0,26.51,8.0,9.38,0.0,0.0,10.566666666666666,0,0,0,1,0,0,1,0,0
2.0,15.0,2015.0,14.9,12.0,3.09,1.0,14.9,12.0,-14.09,2.0,0.68,-0.73,0.66,0.89,0.0,0.0,0.0,1034.23,4.783333333333333,15.4,14.94,13.0,7.88,5.0,3.0,10.0,5.559,350.0,12.61,0.0,4.38,0.0,0.0,10.616666666666667,0,0,0,1,0,0,1,0,0
2.0,16.0,2015.0,18.35,14.0,9.02,0.0,18.35,14.0,3.09,1.0,0.8,0.41,0.56,0.93,0.0,0.0,0.0,1022.69,4.766666666666667,15.433333333333334,18.35,14.0,15.66,22.0,3.0,10.0,6.979,177.0,7.99,21.0,2.34,0.0,0.0,10.666666666666668,0,0,0,1,0,0,1,0,0
2.0,17.0,2015.0,12.45,9.0,-6.3,6.0,12.45,9.0,-0.99,22.0,0.85,7.89,0.68,0.97,0.0,0.0,0.0,1014.38,4.75,15.45,19.99,10.0,5.09,5.0,3.0,10.0,5.898,271.0,14.92,14.0,5.55,0.0,0.0,10.7,0,0,0,1,0,0,1,0,0
2.0,18.0,2015.0,-4.09,10.0,-18.79,5.0,-0.99,22.0,-14.09,22.0,0.58,-4.36,0.63,0.01,0.0,0.0,0.0,1018.48,4.716666666666667,15.466666666666667,9.25,10.0,-5.56,5.0,3.0,10.0,6.415,300.0,19.02,13.0,7.48,0.0,0.0,10.75,0,0,0,1,0,0,1,0,0
2.0,19.0,2015.0,-4.72,17.0,-8.26,4.0,2.08,18.0,-18.79,5.0,0.06,-12.3,0.55,0.04,0.0,0.0,0.0,1029.24,4.7,15.483333333333333,5.64,14.0,-1.44,2.0,4.0,10.0,7.091,303.0,15.65,8.0,5.41,0.0,0.0,10.783333333333331,1,0,0,0,0,0,1,0,0
2.0,20.0,2015.0,8.6,17.0,8.52,19.0,10.68,22.0,-8.26,4.0,0.75,0.74,0.66,0.08,0.0,0.0,0.0,1022.67,4.666666666666667,15.516666666666667,18.39,17.0,17.84,20.0,3.0,10.0,6.13,184.0,17.14,11.0,5.68,0.0,0.0,10.850000000000001,0,0,0,1,0,0,1,0,0
2.0,21.0,2015.0,30.57,12.0,10.57,6.0,30.57,12.0,10.68,22.0,1.0,18.14,0.75,0.12,0.0,0.0,0.0,1016.32,4.65,15.533333333333333,30.57,12.0,17.89,6.0,3.0,10.0,5.526,215.0,10.73,22.0,1.82,0.0,0.0,10.883333333333333,0,1,0,0,0,0,1,0,0
2.0,22.0,2015.0,12.25,10.0,-11.05,5.0,28.52,22.0,-6.13,22.0,0.5,6.31,0.61,0.16,0.0,0.0,0.0,1031.23,4.616666666666667,15.55,20.82,10.0,-1.73,5.0,3.0,10.0,9.54,319.0,13.03,13.0,5.6,0.0,0.0,10.933333333333334,0,0,0,1,0,0,1,0,0
2.0,23.0,2015.0,6.29,11.0,-5.33,4.0,6.29,11.0,-11.05,5.0,0.04,-7.59,0.54,0.2,0.0,0.0,0.0,1036.85,4.6,15.566666666666666,14.1,13.0,4.74,20.0,4.0,10.0,8.18,277.0,12.61,22.0,4.6,0.0,0.0,10.966666666666667,1,0,0,0,0,0,1,0,0
2.0,24.0,2015.0,22.79,17.0,12.26,6.0,22.84,18.0,-5.33,4.0,0.51,8.08,0.64,0.23,0.0,0.0,0.0,1012.32,4.566666666666666,15.583333333333334,29.51,15.0,14.79,5.0,3.0,10.0,7.121,237.0,18.42,8.0,7.49,0.0,0.0,11.016666666666667,0,0,0,1,0,0,1,0,0
2.0,25.0,2015.0,25.54,11.0,6.96,6.0,25.54,11.0,11.97,22.0,0.63,11.2,0.66,0.26,0.0,0.0,0.0,1015.82,4.55,15.616666666666667,25.54,11.0,16.33,5.0,3.0,10.0,6.149,19.0,10.45,22.0,3.83,0.0,0.0,11.066666666666666,0,0,0,1,0,0,1,0,0
2.0,26.0,2015.0,9.71,14.0,-2.03,6.0,11.97,22.0,2.13,19.0,0.69,8.05,0.72,0.3,0.0,0.0,0.0,1025.0,4.516666666666667,15.633333333333333,18.79,13.0,1.99,5.0,3.0,10.0,5.251,6.0,14.11,8.0,5.64,11.0,0.0,11.116666666666667,0,0,0,1,0,0,1,0,0
2.0,27.0,2015.0,9.25,13.0,0.16,4.0,9.25,13.0,-2.03,6.0,0.03,-2.43,0.6,0.33,0.0,0.0,0.0,1036.76,4.5,15.65,16.77,13.0,0.16,4.0,4.0,10.0,8.757,270.0,10.79,11.0,3.03,0.0,0.0,11.15,1,0,0,0,0,0,1,0,0
2.0,28.0,2015.0,18.01,13.0,13.58,19.0,19.21,22.0,0.16,4.0,0.41,3.37,0.66,0.36,0.0,0.0002,0.11,1038.28,4.466666666666667,15.666666666666666,23.38,13.0,16.69,3.0,4.0,10.0,5.484,162.0,8.29,12.0,2.59,13.0,0.0,11.2,0,0,0,1,0,0,1,0,0
3.0,1.0,2015.0,24.34,10.0,11.55,1.0,24.34,10.0,11.88,21.0,0.67,15.67,0.79,0.39,0.0001,0.0007,0.14,1028.75,4.45,15.683333333333334,27.32,13.0,14.89,5.0,3.0,10.0,4.912,254.0,11.87,14.0,3.27,11.0,0.001,11.233333333333334,0,0,0,1,0,0,0,0,1
3.0,2.0,2015.0,31.95,13.0,19.26,4.0,31.95,13.0,11.55,1.0,0.43,14.06,0.66,0.42,0.0001,0.0024,0.36,1030.85,4.416666666666667,15.716666666666667,31.95,13.0,25.89,3.0,4.0,10.0,6.875,248.0,9.05,22.0,3.64,12.0,0.001,11.3,0,0,0,0,0,1,0,0,1
3.0,3.0,2015.0,29.22,17.0,10.72,6.0,29.22,17.0,19.26,4.0,0.99,26.02,0.82,0.45,0.0011,0.0081,0.43,1011.57,4.383333333333334,15.733333333333333,35.14,13.0,19.2,5.0,3.0,10.0,4.543,221.0,18.01,13.0,6.04,13.0,0.0,11.349999999999998,0,0,0,0,1,0,0,1,0
3.0,4.0,2015.0,13.6,13.0,0.18,5.0,27.03,22.0,4.93,22.0,0.6,10.18,0.62,0.48,0.0,0.0,0.0,1020.76,4.366666666666666,15.75,22.66,13.0,7.73,5.0,4.0,11.0,6.888,302.0,14.67,12.0,6.06,0.0,0.0,11.383333333333333,0,0,0,1,0,0,1,0,0
3.0,5.0,2015.0,10.3,14.0,-2.44,5.0,11.5,18.0,-1.31,21.0,0.13,-1.15,0.54,0.51,0.0,0.0,0.0,1032.87,4.333333333333333,15.766666666666667,17.9,12.0,5.2,3.0,5.0,10.0,9.657,293.0,13.88,16.0,4.65,0.0,0.0,11.433333333333334,0,0,0,1,0,0,1,0,0
3.0,6.0,2015.0,18.16,13.0,16.43,18.0,19.02,22.0,-2.44,5.0,0.2,8.79,0.68,0.54,0.0,0.0,0.0,1027.74,4.316666666666666,15.783333333333333,27.35,13.0,24.39,21.0,4.0,10.0,9.988,203.0,18.36,14.0,6.14,0.0,0.0,11.466666666666667,0,0,0,1,0,0,1,0,0
3.0,7.0,2015.0,43.3,10.0,29.9,22.0,43.3,10.0,19.02,22.0,0.32,27.28,0.7,0.57,0.0001,0.0013,0.24,1018.56,4.283333333333333,15.816666666666666,46.95,11.0,31.04,4.0,4.0,10.0,9.691,249.0,14.46,14.0,5.14,9.0,0.0,11.533333333333333,0,0,0,1,0,0,0,1,0
3.0,8.0,2015.0,39.85,17.0,28.06,4.0,39.85,17.0,29.9,22.0,0.61,27.95,0.72,0.6,0.0,0.0,0.0,1021.7,5.25,16.833333333333332,41.29,15.0,28.06,4.0,3.0,12.0,9.979,244.0,10.18,13.0,2.65,0.0,0.0,11.583333333333332,0,0,0,1,0,0,1,0,0
3.0,9.0,2015.0,51.94,14.0,31.89,23.0,51.94,14.0,28.06,4.0,0.14,29.28,0.67,0.63,0.0,0.0,0.0,1021.29,5.233333333333333,16.85,51.94,14.0,36.68,23.0,5.0,11.0,7.662,197.0,9.75,22.0,2.17,0.0,0.0,11.616666666666667,0,0,0,1,0,0,1,0,0
3.0,10.0,2015.0,52.52,15.0,35.62,5.0,52.52,15.0,31.89,23.0,0.69,38.9,0.86,0.66,0.0,0.0,0.0,1016.84,5.2,16.866666666666667,52.52,15.0,35.62,5.0,3.0,12.0,2.755,218.0,10.96,23.0,3.27,0.0,0.0,11.666666666666668,0,0,0,1,0,0,1,0,0
3.0,11.0,2015.0,51.18,13.0,30.93,3.0,51.18,13.0,34.52,22.0,0.1,32.14,0.69,0.69,0.0,0.0,0.0,1024.72,5.166666666666667,16.883333333333333,51.18,13.0,30.93,3.0,5.0,11.0,5.34,33.0,12.42,11.0,2.71,0.0,0.0,11.716666666666665,1,0,0,0,0,0,1,0,0
3.0,12.0,2015.0,55.55,13.0,39.56,4.0,55.55,13.0,30.93,3.0,0.12,29.47,0.6,0.73,0.0,0.0,0.0,1031.03,5.15,16.9,55.55,13.0,39.56,4.0,5.0,11.0,6.656,133.0,14.16,11.0,3.55,0.0,0.0,11.749999999999998,1,0,0,0,0,0,1,0,0
3.0,13.0,2015.0,63.97,13.0,42.67,6.0,63.97,13.0,39.56,4.0,0.46,35.69,0.59,0.76,0.0,0.0,0.0,1020.98,5.116666666666666,16.916666666666668,63.97,13.0,45.15,6.0,5.0,11.0,6.836,190.0,7.98,15.0,2.71,0.0,0.0,11.8,0,0,0,1,0,0,1,0,0
3.0,14.0,2015.0,59.55,13.0,32.28,5.0,59.55,13.0,39.92,21.0,0.34,37.67,0.65,0.8,0.0,0.0,0.0,1017.4,5.083333333333333,16.933333333333334,59.55,13.0,32.28,5.0,5.0,11.0,6.4,322.0,17.11,13.0,4.04,0.0,0.0,11.850000000000001,0,0,0,1,0,0,1,0,0
3.0,15.0,2015.0,62.21,15.0,50.01,5.0,62.21,15.0,32.28,5.0,0.28,35.3,0.62,0.83,0.0,0.0,0.0,1021.13,5.05,16.966666666666665,62.21,15.0,50.01,5.0,5.0,11.0,6.453,216.0,16.27,19.0,4.75,0.0,0.0,11.916666666666664,0,0,0,1,0,0,1,0,0
3.0,16.0,2015.0,72.85,15.0,27.9,6.0,72.85,15.0,38.91,22.0,0.39,41.31,0.52,0.87,0.0,0.0,0.0,1012.11,5.033333333333333,16.983333333333334,72.85,15.0,35.59,6.0,4.0,10.0,8.049,246.0,19.11,22.0,6.36,0.0,0.0,11.950000000000001,0,0,0,1,0,0,1,0,0
3.0,17.0,2015.0,39.0,13.0,29.61,5.0,39.0,13.0,27.9,6.0,0.46,22.08,0.54,0.91,0.0,0.0,0.0,1024.54,5.0,17.0,42.51,14.0,29.61,5.0,6.0,11.0,9.317,18.0,21.88,7.0,7.25,0.0,0.0,12.0,0,0,0,1,0,0,1,0,0
3.0,18.0,2015.0,48.47,12.0,36.98,6.0,48.47,12.0,29.61,5.0,0.57,17.74,0.43,0.95,0.0,0.0,0.0,1026.52,4.966666666666667,17.016666666666666,49.05,12.0,38.6,5.0,5.0,11.0,6.993,135.0,8.23,15.0,1.77,0.0,0.0,12.049999999999999,0,0,0,1,0,0,1,0,0
3.0,19.0,2015.0,44.92,12.0,38.58,23.0,44.92,12.0,36.98,6.0,0.8,22.36,0.46,0.99,0.0,0.0,0.0,1023.15,4.95,17.033333333333335,46.85,12.0,38.87,5.0,5.0,11.0,6.996,97.0,12.93,9.0,3.25,0.0,0.0,12.083333333333336,0,0,0,1,0,0,1,0,0
3.0,20.0,2015.0,47.24,11.0,34.89,2.0,47.24,11.0,35.82,22.0,0.8,35.48,0.74,0.03,0.0,0.0,0.0,1018.48,4.916666666666667,17.05,49.36,11.0,38.34,5.0,4.0,11.0,5.77,219.0,12.72,14.0,4.46,0.0,0.0,12.133333333333333,0,0,0,1,0,0,1,0,0
3.0,21.0,2015.0,43.83,11.0,26.73,5.0,43.83,11.0,30.95,18.0,0.36,33.2,0.77,0.07,0.0,0.0,0.0,1020.08,4.883333333333333,17.066666666666666,46.99,8.0,31.59,5.0,5.0,12.0,5.689,16.0,15.32,8.0,5.28,0.0,0.0,12.183333333333334,0,0,0,1,0,0,1,0,0
3.0,22.0,2015.0,28.26,12.0,22.13,6.0,32.43,22.0,23.7,17.0,0.65,22.17,0.66,0.1,0.0,0.0,0.0,1025.79,4.85,17.083333333333332,34.61,10.0,29.12,6.0,4.0,10.0,6.844,48.0,12.45,9.0,5.43,0.0,0.0,12.233333333333333,0,0,0,1,0,0,1,0,0
3.0,23.0,2015.0,24.9,15.0,21.17,5.0,26.7,22.0,22.13,6.0,0.99,26.14,0.85,0.14,0.0002,0.0022,0.26,1025.52,4.833333333333333,17.1,30.51,14.0,25.09,5.0,4.0,11.0,4.148,72.0,12.41,9.0,5.62,16.0,0.002,12.26666666666667,0,1,0,0,0,0,0,0,1
3.0,24.0,2015.0,31.3,15.0,30.74,21.0,31.7,18.0,21.17,5.0,0.56,22.99,0.7,0.18,0.0045,0.0342,0.76,1023.22,4.8,17.133333333333333,36.6,14.0,36.23,17.0,5.0,11.0,6.591,102.0,13.53,21.0,5.32,12.0,0.0,12.333333333333332,0,0,0,0,1,0,0,1,0
3.0,25.0,2015.0,37.05,17.0,31.82,1.0,39.84,4.0,31.44,7.0,0.92,35.2,0.85,0.21,0.0086,0.0584,1.0,1014.13,4.766666666666667,17.15,41.65,16.0,33.89,5.0,4.0,11.0,4.313,247.0,16.39,11.0,6.2,2.0,0.0,12.383333333333333,0,0,0,0,1,0,0,1,0
3.0,26.0,2015.0,38.37,13.0,15.07,6.0,38.37,13.0,26.68,22.0,0.84,26.36,0.65,0.24,0.0,0.0,0.0,1016.33,4.733333333333333,17.166666666666668,42.12,11.0,24.08,6.0,4.0,11.0,7.009,320.0,12.64,14.0,5.03,0.0,0.0,12.433333333333334,0,0,0,1,0,0,1,0,0
3.0,27.0,2015.0,21.18,15.0,13.93,17.0,26.68,22.0,13.93,17.0,0.55,16.14,0.63,0.27,0.0,0.0,0.0,1021.74,4.716666666666667,17.183333333333334,29.27,14.0,21.7,4.0,5.0,10.0,6.303,8.0,18.36,17.0,7.65,0.0,0.0,12.466666666666667,0,0,0,1,0,0,1,0,0
3.0,28.0,2015.0,32.24,15.0,22.25,1.0,32.24,15.0,17.5,7.0,0.03,12.91,0.54,0.31,0.0,0.0,0.0,1026.51,4.683333333333334,17.2,35.14,15.0,27.0,23.0,6.0,11.0,7.211,56.0,10.12,10.0,3.57,0.0,0.0,12.516666666666666,1,0,0,0,0,0,1,0,0
3.0,29.0,2015.0,43.35,17.0,33.56,5.0,43.57,18.0,22.25,1.0,0.58,25.62,0.64,0.34,0.0011,0.0129,0.88,1016.5,4.65,17.216666666666665,47.42,17.0,36.09,5.0,4.0,11.0,6.788,204.0,22.57,11.0,7.59,11.0,0.0,12.566666666666665,0,0,0,0,1,0,0,1,0
3.0,30.0,2015.0,61.01,13.0,35.92,5.0,61.01,13.0,33.56,5.0,0.49,32.93,0.57,0.37,0.0,0.0,0.0,1014.75,4.633333333333333,17.233333333333334,61.01,13.0,40.09,5.0,5.0,12.0,6.877,263.0,16.73,13.0,4.66,0.0,0.0,12.600000000000001,0,0,0,1,0,0,1,0,0
3.0,31.0,2015.0,53.98,16.0,39.5,5.0,53.98,16.0,35.92,5.0,0.41,36.82,0.65,0.4,0.0,0.0,0.0,1011.71,4.6,17.25,53.98,16.0,39.5,5.0,5.0,11.0,6.473,312.0,16.64,23.0,4.68,0.0,0.0,12.65,0,0,0,1,0,0,1,0,0
4.0,1.0,2015.0,73.22,14.0,51.25,6.0,73.22,14.0,39.5,5.0,0.1,38.24,0.53,0.43,0.0,0.0,0.0,1014.4,4.566666666666666,17.266666666666666,73.22,14.0,51.25,6.0,7.0,11.0,6.767,185.0,16.93,16.0,5.13,0.0,0.0,12.7,1,0,0,0,0,0,1,0,0
4.0,2.0,2015.0,65.82,15.0,48.79,1.0,65.82,15.0,51.25,6.0,0.65,44.55,0.64,0.46,0.0069,0.0686,0.97,1007.14,4.533333333333333,17.283333333333335,65.82,15.0,48.79,1.0,4.0,11.0,6.288,220.0,15.16,22.0,5.04,6.0,0.0,12.750000000000002,0,0,0,0,1,0,0,1,0
4.0,3.0,2015.0,52.13,11.0,27.13,5.0,53.1,22.0,30.51,19.0,0.69,31.58,0.6,0.49,0.0,0.0,0.0,1014.64,4.516666666666667,17.3,52.13,11.0,30.2,4.0,4.0,10.0,6.869,356.0,15.98,15.0,4.75,0.0,0.0,12.783333333333335,0,0,0,1,0,0,1,0,0
4.0,4.0,2015.0,59.0,15.0,43.14,5.0,59.0,15.0,27.13,5.0,0.13,25.0,0.51,0.52,0.0,0.0,0.0,1022.66,4.483333333333333,17.333333333333332,59.0,15.0,46.14,5.0,7.0,11.0,7.052,251.0,21.45,13.0,5.18,0.0,0.0,12.849999999999998,0,0,0,1,0,0,1,0,0
4.0,5.0,2015.0,67.14,14.0,40.27,1.0,67.14,14.0,42.08,22.0,0.34,28.66,0.42,0.55,0.0,0.0,0.0,1017.59,4.45,17.35,67.14,14.0,40.27,1.0,7.0,10.0,6.932,228.0,17.34,10.0,5.92,0.0,0.0,12.900000000000002,0,0,0,1,0,0,1,0,0
4.0,6.0,2015.0,60.97,11.0,34.61,23.0,60.97,11.0,35.3,22.0,0.74,36.84,0.66,0.58,0.0001,0.0026,0.42,1016.32,4.433333333333334,17.366666666666667,60.97,11.0,39.01,23.0,4.0,12.0,6.593,51.0,11.75,18.0,3.62,22.0,0.0,12.933333333333334,0,0,0,0,1,0,0,1,0
4.0,7.0,2015.0,41.02,16.0,39.57,5.0,42.59,22.0,34.61,23.0,1.0,39.61,0.91,0.61,0.002,0.0283,0.84,1017.88,4.4,17.383333333333333,44.48,16.0,42.61,6.0,4.0,11.0,2.852,42.0,14.2,6.0,6.52,23.0,0.0,12.983333333333333,0,0,0,0,1,0,0,1,0
4.0,8.0,2015.0,50.49,12.0,37.38,20.0,50.49,12.0,37.38,20.0,1.0,42.46,0.93,0.64,0.0009,0.0177,0.59,1014.15,4.366666666666666,17.4,50.49,12.0,41.61,19.0,4.0,11.0,2.371,48.0,13.08,16.0,4.81,22.0,0.0,13.033333333333331,0,0,0,0,1,0,0,1,0
4.0,9.0,2015.0,72.03,16.0,35.14,5.0,72.03,16.0,39.92,22.0,0.93,54.05,0.88,0.68,0.0311,0.1685,1.0,1004.22,4.35,17.416666666666668,71.45,16.0,41.27,5.0,4.0,11.0,4.292,196.0,30.97,21.0,6.77,10.0,0.0,13.066666666666668,0,0,0,0,1,0,0,1,0
4.0,10.0,2015.0,61.67,13.0,37.04,3.0,61.67,13.0,35.14,5.0,0.6,38.01,0.67,0.71,0.0001,0.0013,0.22,1010.73,4.316666666666666,17.433333333333334,61.67,13.0,38.9,4.0,8.0,11.0,7.039,267.0,29.43,14.0,9.61,22.0,0.0,13.116666666666667,0,0,0,1,0,0,0,1,0
4.0,11.0,2015.0,63.19,15.0,45.87,5.0,63.19,15.0,37.04,3.0,0.03,34.03,0.55,0.75,0.0,0.0,0.0,1022.77,4.283333333333333,17.45,63.19,15.0,46.13,4.0,7.0,11.0,6.989,237.0,11.26,12.0,3.41,0.0,0.0,13.166666666666666,1,0,0,0,0,0,1,0,0
4.0,12.0,2015.0,68.75,12.0,56.23,5.0,68.75,12.0,45.87,5.0,0.55,36.22,0.45,0.78,0.0,0.0,0.0,1018.5,4.266666666666667,17.466666666666665,68.75,12.0,56.23,5.0,6.0,10.0,7.049,174.0,15.82,9.0,4.98,0.0,0.0,13.2,0,0,0,1,0,0,1,0,0
4.0,13.0,2015.0,66.03,13.0,45.26,4.0,66.03,13.0,55.01,22.0,0.66,39.75,0.5,0.82,0.0066,0.0732,0.97,1015.68,4.233333333333333,17.483333333333334,66.03,13.0,45.26,4.0,6.0,11.0,6.926,259.0,17.44,12.0,6.33,5.0,0.0,13.25,0,0,0,0,1,0,0,1,0
4.0,14.0,2015.0,66.37,13.0,42.43,4.0,66.37,13.0,45.26,4.0,0.32,26.79,0.35,0.86,0.0,0.0,0.0,1023.74,4.216666666666667,17.516666666666666,66.37,13.0,43.81,1.0,7.0,12.0,6.789,53.0,7.83,11.0,2.18,0.0,0.0,13.299999999999999,0,0,0,1,0,0,1,0,0
4.0,15.0,2015.0,63.35,14.0,42.22,6.0,63.35,14.0,42.43,4.0,0.38,31.18,0.43,0.9,0.0,0.0,0.0,1023.56,4.183333333333334,17.533333333333335,63.35,14.0,44.89,6.0,6.0,11.0,7.162,65.0,21.11,11.0,5.11,0.0,0.0,13.350000000000001,0,0,0,1,0,0,1,0,0
4.0,16.0,2015.0,62.33,14.0,48.63,4.0,62.33,14.0,42.22,6.0,0.74,41.28,0.67,0.93,0.002,0.0194,0.71,1019.53,4.15,17.55,62.33,14.0,48.63,4.0,4.0,11.0,6.308,70.0,11.01,22.0,3.11,3.0,0.0,13.4,0,0,0,0,1,0,0,1,0
4.0,17.0,2015.0,77.02,14.0,56.9,5.0,77.02,14.0,48.63,4.0,0.35,47.64,0.6,0.97,0.0,0.0,0.0,1017.56,4.133333333333334,17.566666666666666,77.02,14.0,56.9,5.0,7.0,10.0,5.949,230.0,8.69,15.0,2.05,0.0,0.0,13.433333333333334,0,0,0,1,0,0,1,0,0
4.0,18.0,2015.0,63.38,6.0,45.93,19.0,63.38,6.0,45.93,19.0,0.49,42.61,0.6,0.01,0.0,0.0,0.0,1016.96,4.1,17.583333333333332,63.38,6.0,48.05,20.0,7.0,12.0,6.426,24.0,15.75,7.0,4.64,0.0,0.0,13.483333333333333,0,0,0,1,0,0,1,0,0
4.0,19.0,2015.0,68.21,11.0,43.41,20.0,68.21,11.0,43.41,20.0,0.67,41.62,0.63,0.05,0.0108,0.09,1.0,1004.61,4.083333333333333,17.6,68.21,11.0,47.66,21.0,5.0,11.0,5.979,60.0,16.54,22.0,5.87,16.0,0.0,13.51666666666667,0,0,0,0,1,0,0,1,0
4.0,20.0,2015.0,51.15,5.0,35.27,4.0,52.54,4.0,39.53,21.0,0.9,41.82,0.8,0.09,0.0003,0.0035,0.3,996.13,4.05,17.616666666666667,51.15,5.0,40.43,4.0,4.0,11.0,6.358,260.0,21.93,1.0,9.67,22.0,0.0,13.566666666666666,0,0,0,0,1,0,0,1,0
4.0,21.0,2015.0,54.01,14.0,30.51,5.0,54.01,14.0,35.27,4.0,0.45,29.52,0.55,0.12,0.0,0.0,0.0,1003.78,4.033333333333333,17.633333333333333,54.01,14.0,36.08,5.0,5.0,11.0,7.153,265.0,28.32,13.0,9.45,0.0,0.0,13.6,0,0,0,1,0,0,1,0,0
4.0,22.0,2015.0,42.62,17.0,33.5,4.0,44.12,19.0,30.51,5.0,0.67,25.44,0.55,0.16,0.0,0.0,0.0,1009.47,4.0,17.65,46.25,16.0,33.5,4.0,4.0,11.0,7.058,289.0,19.96,13.0,6.59,0.0,0.0,13.649999999999999,0,0,0,1,0,0,1,0,0
4.0,23.0,2015.0,52.95,14.0,32.96,4.0,52.95,14.0,33.5,4.0,0.06,24.62,0.5,0.19,0.0,0.0,0.0,1016.38,3.9833333333333334,17.666666666666668,52.95,14.0,32.96,4.0,8.0,11.0,6.987,319.0,15.63,10.0,3.72,0.0,0.0,13.683333333333334,1,0,0,0,0,0,1,0,0
4.0,24.0,2015.0,57.33,10.0,34.39,22.0,57.33,10.0,32.96,4.0,0.61,27.81,0.55,0.22,0.0043,0.0507,1.0,1016.53,3.95,17.7,57.33,10.0,41.99,22.0,5.0,10.0,7.278,70.0,21.77,21.0,3.85,20.0,0.0,13.75,0,0,0,0,1,0,0,1,0
4.0,25.0,2015.0,41.78,15.0,36.02,4.0,41.78,15.0,34.39,22.0,0.97,38.86,0.84,0.25,0.0082,0.0402,0.96,1009.62,3.9333333333333336,17.716666666666665,46.39,14.0,38.74,4.0,4.0,11.0,6.184,61.0,22.8,23.0,8.01,12.0,0.0,13.783333333333331,0,0,0,0,1,0,0,1,0
4.0,26.0,2015.0,54.7,13.0,36.66,4.0,54.7,13.0,36.02,4.0,0.08,30.85,0.57,0.28,0.0,0.0,0.0,1015.55,3.9166666666666665,17.733333333333334,54.7,13.0,40.85,4.0,8.0,10.0,7.054,19.0,16.71,13.0,5.75,0.0,0.0,13.816666666666668,1,0,0,0,0,0,1,0,0
4.0,27.0,2015.0,54.2,13.0,37.56,4.0,54.2,13.0,36.66,4.0,0.1,34.39,0.63,0.31,0.0,0.0,0.0,1019.5,3.8833333333333333,17.75,54.2,13.0,37.56,4.0,8.0,11.0,7.204,9.0,15.5,10.0,5.76,0.0,0.0,13.866666666666667,1,0,0,0,0,0,1,0,0
4.0,28.0,2015.0,58.05,12.0,39.94,4.0,58.05,12.0,37.56,4.0,0.16,35.94,0.65,0.34,0.0,0.0,0.0,1019.37,3.8666666666666667,17.766666666666666,58.05,12.0,39.94,4.0,8.0,11.0,7.304,34.0,10.04,15.0,2.25,0.0,0.0,13.899999999999999,0,0,0,1,0,0,1,0,0
4.0,29.0,2015.0,61.26,11.0,36.21,4.0,61.26,11.0,39.94,4.0,0.34,36.96,0.63,0.37,0.0,0.0,0.0,1013.76,3.8333333333333335,17.783333333333335,61.26,11.0,40.64,4.0,7.0,10.0,7.496,23.0,10.26,14.0,3.03,0.0,0.0,13.950000000000001,0,0,0,1,0,0,1,0,0
4.0,30.0,2015.0,45.63,16.0,39.91,2.0,45.63,16.0,36.21,4.0,0.49,35.72,0.7,0.4,0.0,0.0,0.0,1016.02,3.8166666666666664,17.8,48.54,16.0,39.91,2.0,6.0,11.0,7.344,11.0,16.27,11.0,5.83,0.0,0.0,13.983333333333334,0,0,0,1,0,0,1,0,0
5.0,1.0,2015.0,65.74,14.0,51.52,4.0,65.74,14.0,39.91,2.0,0.23,40.02,0.62,0.44,0.0,0.0,0.0,1020.37,3.8,17.816666666666666,65.74,14.0,51.52,4.0,8.0,11.0,7.293,34.0,8.28,13.0,2.11,0.0,0.0,14.016666666666666,0,0,0,1,0,0,1,0,0
5.0,2.0,2015.0,77.77,14.0,59.39,5.0,77.77,14.0,51.52,4.0,0.28,40.76,0.44,0.47,0.0,0.0,0.0,1016.73,3.7666666666666666,17.833333333333332,77.77,14.0,59.39,5.0,9.0,11.0,6.95,215.0,12.03,13.0,2.73,0.0,0.0,14.066666666666666,0,0,0,1,0,0,1,0,0
5.0,3.0,2015.0,79.07,14.0,61.98,4.0,79.07,14.0,59.39,5.0,0.71,48.81,0.53,0.5,0.0077,0.0796,0.94,1013.93,3.75,17.866666666666667,79.07,14.0,61.98,4.0,6.0,10.0,6.702,197.0,16.28,11.0,4.13,18.0,0.0,14.116666666666667,0,0,0,0,1,0,0,1,0
5.0,4.0,2015.0,72.35,12.0,50.07,5.0,72.35,12.0,55.17,21.0,0.7,53.52,0.68,0.53,0.0,0.0005,0.09,1017.72,3.7333333333333334,17.883333333333333,72.35,12.0,50.07,5.0,5.0,10.0,6.841,223.0,13.57,1.0,4.04,6.0,0.0,14.149999999999999,0,0,0,1,0,0,1,0,0
5.0,5.0,2015.0,53.33,14.0,47.76,22.0,55.4,22.0,47.76,22.0,0.99,48.67,0.9,0.56,0.0277,0.2728,1.0,1022.87,3.716666666666667,17.9,53.33,14.0,48.43,2.0,4.0,11.0,2.85,30.0,9.91,15.0,3.74,4.0,0.0,14.183333333333332,0,0,0,0,1,0,0,1,0
5.0,6.0,2015.0,76.73,12.0,55.57,0.0,76.73,12.0,47.76,22.0,0.72,53.91,0.82,0.6,0.0,0.0,0.0,1020.53,3.6833333333333336,17.916666666666668,76.66,12.0,55.57,0.0,8.0,11.0,3.08,61.0,9.56,13.0,2.38,0.0,0.0,14.233333333333334,0,0,0,1,0,0,1,0,0
5.0,7.0,2015.0,84.68,15.0,66.8,4.0,84.68,15.0,55.57,0.0,0.36,55.23,0.6,0.63,0.0001,0.0018,0.19,1015.66,3.6666666666666665,17.933333333333334,84.68,15.0,66.46,4.0,8.0,10.0,6.614,188.0,17.75,11.0,4.46,21.0,0.0,14.266666666666667,0,0,0,1,0,0,0,1,0
5.0,8.0,2015.0,83.68,13.0,52.96,6.0,83.68,13.0,64.81,22.0,0.8,63.22,0.79,0.67,0.0162,0.1306,1.0,1013.88,3.65,17.95,82.28,13.0,52.96,6.0,6.0,11.0,5.898,212.0,15.43,15.0,3.6,16.0,0.0,14.299999999999999,0,0,0,0,1,0,0,1,0
5.0,9.0,2015.0,56.09,5.0,43.26,5.0,64.81,22.0,46.01,21.0,0.98,52.93,0.91,0.7,0.0077,0.0621,0.89,1017.49,3.6333333333333333,17.966666666666665,56.08,5.0,45.93,5.0,4.0,11.0,4.005,22.0,11.5,14.0,4.03,3.0,0.0,14.333333333333332,0,0,0,0,1,0,0,1,0
5.0,10.0,2015.0,54.58,16.0,46.15,20.0,54.58,16.0,43.26,5.0,0.99,47.26,0.96,0.74,0.0041,0.0213,0.87,1016.72,3.6166666666666667,17.983333333333334,54.58,16.0,47.15,21.0,4.0,11.0,2.846,19.0,10.2,6.0,4.16,6.0,0.0,14.366666666666667,0,0,0,0,1,0,0,1,0
5.0,11.0,2015.0,68.3,16.0,45.35,6.0,68.3,16.0,47.47,22.0,0.86,53.63,0.83,0.77,0.0038,0.0234,0.9,1011.09,3.6,18.0,68.3,16.0,49.12,5.0,5.0,11.0,5.73,230.0,19.83,16.0,5.53,14.0,0.0,14.4,0,0,0,0,1,0,0,1,0
5.0,12.0,2015.0,55.94,15.0,40.77,5.0,55.94,15.0,45.33,7.0,0.87,39.64,0.64,0.81,0.0,0.0,0.0,1018.81,3.5833333333333335,18.016666666666666,55.94,15.0,41.97,4.0,5.0,11.0,9.171,273.0,19.39,7.0,7.29,0.0,0.0,14.433333333333332,0,0,0,1,0,0,1,0,0
5.0,13.0,2015.0,51.54,14.0,43.2,23.0,51.54,14.0,40.77,5.0,0.16,36.47,0.68,0.85,0.0,0.0,0.0,1030.3,3.5666666666666664,18.033333333333335,51.54,14.0,43.2,23.0,9.0,11.0,8.209,32.0,12.15,7.0,4.11,0.0,0.0,14.466666666666669,0,0,0,1,0,0,1,0,0
5.0,14.0,2015.0,65.77,14.0,57.21,22.0,65.77,14.0,43.2,23.0,0.66,44.73,0.68,0.88,0.0029,0.0281,0.92,1024.39,3.55,18.05,65.77,14.0,57.21,22.0,6.0,10.0,6.815,127.0,12.7,15.0,4.05,22.0,0.0,14.5,0,0,0,0,1,0,0,1,0
5.0,15.0,2015.0,76.58,14.0,64.41,17.0,76.58,14.0,57.21,22.0,0.81,59.63,0.82,0.92,0.0029,0.0295,0.94,1015.05,3.533333333333333,18.066666666666666,76.34,14.0,64.36,17.0,5.0,10.0,7.017,206.0,20.8,16.0,4.49,23.0,0.0,14.533333333333333,0,0,0,0,1,0,0,1,0
5.0,16.0,2015.0,82.23,15.0,68.07,2.0,82.23,15.0,65.68,2.0,0.76,64.92,0.82,0.96,0.0004,0.0033,0.27,1015.75,3.5166666666666666,18.083333333333332,79.76,15.0,67.46,2.0,5.0,12.0,7.209,174.0,22.51,16.0,4.36,8.0,0.0,14.566666666666666,0,0,0,1,0,0,0,1,0
5.0,17.0,2015.0,84.21,15.0,68.16,4.0,84.21,15.0,68.07,2.0,0.75,65.79,0.77,1.0,0.0,0.0,0.0,1013.16,3.5,18.1,81.85,16.0,67.61,4.0,5.0,12.0,9.004,179.0,19.79,13.0,6.41,0.0,0.0,14.600000000000001,0,0,0,1,0,0,1,0,0
5.0,18.0,2015.0,78.48,11.0,44.75,4.0,78.48,11.0,50.43,22.0,0.31,55.6,0.65,0.03,0.0,0.0,0.0,1015.88,3.4833333333333334,18.116666666666667,78.48,11.0,47.27,4.0,8.0,11.0,9.997,251.0,19.39,15.0,6.6,0.0,0.0,14.633333333333333,0,0,0,1,0,0,1,0,0
5.0,19.0,2015.0,51.42,11.0,38.51,3.0,51.42,11.0,40.06,22.0,0.83,37.08,0.66,0.07,0.0,0.0,0.0,1022.98,3.466666666666667,18.133333333333333,51.42,11.0,40.49,1.0,5.0,11.0,9.997,325.0,12.51,23.0,4.8,0.0,0.0,14.666666666666666,0,0,0,1,0,0,1,0,0
5.0,20.0,2015.0,45.7,8.0,43.09,17.0,45.7,8.0,38.51,3.0,0.75,34.28,0.69,0.1,0.0012,0.0115,0.9,1023.09,3.45,18.15,48.18,8.0,43.09,17.0,5.0,11.0,9.995,26.0,10.26,8.0,3.3,16.0,0.0,14.7,0,0,0,0,1,0,0,1,0
5.0,21.0,2015.0,68.68,15.0,48.04,4.0,68.68,15.0,44.86,5.0,0.49,39.79,0.58,0.14,0.0,0.0,0.0,1018.4,3.4333333333333336,18.166666666666668,68.68,15.0,48.04,4.0,9.0,11.0,9.997,277.0,13.09,12.0,3.44,0.0,0.0,14.733333333333334,0,0,0,1,0,0,1,0,0
5.0,22.0,2015.0,66.13,13.0,50.46,3.0,66.13,13.0,48.04,4.0,0.22,38.39,0.52,0.17,0.0,0.0,0.0,1022.29,3.4166666666666665,18.183333333333334,66.13,13.0,50.46,3.0,10.0,11.0,9.997,55.0,9.28,14.0,2.97,0.0,0.0,14.766666666666667,0,0,0,1,0,0,1,0,0
5.0,23.0,2015.0,81.12,15.0,62.08,3.0,81.12,15.0,50.46,3.0,0.2,41.98,0.43,0.2,0.0,0.0,0.0,1024.84,3.4166666666666665,18.2,81.12,15.0,62.08,3.0,9.0,11.0,9.997,157.0,9.19,14.0,2.5,0.0,0.0,14.783333333333333,0,0,0,1,0,0,1,0,0
5.0,24.0,2015.0,72.58,13.0,65.46,19.0,72.58,13.0,62.08,3.0,0.74,55.42,0.69,0.23,0.0091,0.0975,0.97,1018.45,3.4,18.216666666666665,72.58,13.0,65.01,17.0,5.0,10.0,9.265,125.0,10.69,22.0,2.28,16.0,0.0,14.816666666666665,0,0,0,0,1,0,0,1,0
5.0,25.0,2015.0,79.73,16.0,68.29,3.0,79.73,16.0,69.19,9.0,0.63,63.21,0.71,0.26,0.0041,0.0409,0.93,1011.83,3.3833333333333333,18.233333333333334,79.5,16.0,67.58,3.0,6.0,12.0,7.973,205.0,19.44,7.0,6.66,9.0,0.0,14.850000000000001,0,0,0,0,1,0,0,1,0
5.0,26.0,2015.0,75.32,14.0,65.46,4.0,75.32,14.0,68.29,3.0,0.66,64.17,0.81,0.29,0.0122,0.1879,0.92,1010.63,3.3833333333333333,18.25,74.78,14.0,65.15,4.0,5.0,13.0,6.385,193.0,17.44,15.0,5.9,12.0,0.0,14.866666666666667,0,0,0,0,1,0,0,1,0
5.0,27.0,2015.0,74.12,16.0,57.51,3.0,74.12,16.0,61.17,22.0,0.5,59.36,0.73,0.32,0.0003,0.0033,0.21,1014.57,3.3666666666666667,18.266666666666666,74.12,16.0,57.51,3.0,6.0,11.0,6.888,250.0,16.64,9.0,5.04,0.0,0.0,14.899999999999999,0,0,0,1,0,0,0,1,0
5.0,28.0,2015.0,82.28,13.0,66.46,22.0,82.28,13.0,57.51,3.0,0.26,56.54,0.64,0.35,0.0,0.0,0.0,1020.59,3.35,18.283333333333335,82.28,13.0,66.46,22.0,8.0,12.0,6.799,110.0,10.97,11.0,2.3,0.0,0.0,14.933333333333335,0,0,0,1,0,0,1,0,0
5.0,29.0,2015.0,83.75,13.0,69.39,5.0,83.75,13.0,66.46,22.0,0.64,64.61,0.71,0.38,0.0043,0.0577,0.77,1014.89,3.35,18.3,81.11,13.0,68.53,5.0,7.0,11.0,6.563,198.0,13.99,14.0,3.94,11.0,0.0,14.950000000000001,0,0,0,0,1,0,0,1,0
5.0,30.0,2015.0,69.4,6.0,38.61,2.0,73.03,22.0,40.16,22.0,0.92,55.16,0.9,0.41,0.0145,0.0644,0.96,1016.12,3.3333333333333335,18.3,68.57,6.0,43.36,4.0,5.0,11.0,5.497,7.0,21.74,18.0,5.74,16.0,0.0,14.966666666666667,0,0,0,0,1,0,0,1,0
5.0,31.0,2015.0,53.73,14.0,46.08,4.0,53.73,14.0,38.61,2.0,0.97,41.98,0.8,0.45,0.0008,0.0054,0.44,1021.71,3.3333333333333335,18.316666666666666,53.73,14.0,47.15,4.0,5.0,11.0,5.562,16.0,19.34,22.0,7.59,6.0,0.0,14.983333333333333,0,0,0,0,1,0,0,1,0
6.0,1.0,2015.0,59.34,14.0,44.01,3.0,59.34,14.0,46.08,4.0,0.53,42.18,0.7,0.48,0.0,0.0,0.0,1023.53,3.3166666666666664,18.333333333333332,59.34,14.0,44.01,3.0,8.0,12.0,7.118,38.0,12.16,12.0,4.26,0.0,0.0,15.016666666666666,0,0,0,1,0,0,1,0,0
6.0,2.0,2015.0,69.98,14.0,52.25,2.0,69.98,14.0,44.01,3.0,0.16,45.6,0.65,0.51,0.0,0.0,0.0,1020.89,3.3166666666666664,18.35,69.98,14.0,52.25,2.0,9.0,11.0,7.078,75.0,9.02,11.0,1.98,0.0,0.0,15.033333333333335,0,0,0,1,0,0,1,0,0
6.0,3.0,2015.0,77.15,14.0,61.57,2.0,77.15,14.0,52.25,2.0,0.31,52.61,0.66,0.55,0.0,0.0,0.0,1017.01,3.3,18.35,77.15,14.0,61.57,2.0,8.0,11.0,6.961,145.0,9.44,13.0,2.56,0.0,0.0,15.05,0,0,0,1,0,0,1,0,0
6.0,4.0,2015.0,83.05,15.0,57.32,6.0,83.05,15.0,61.57,2.0,0.6,60.33,0.69,0.58,0.0,0.0,0.0,1015.26,3.3,18.366666666666667,81.54,15.0,57.32,6.0,6.0,11.0,6.552,201.0,9.59,11.0,2.9,0.0,0.0,15.066666666666666,0,0,0,1,0,0,1,0,0
6.0,5.0,2015.0,62.11,11.0,52.42,3.0,71.67,22.0,54.73,22.0,0.65,55.59,0.84,0.62,0.0,0.0,0.0,1018.89,3.3,18.383333333333333,62.11,11.0,52.42,3.0,5.0,11.0,6.058,13.0,17.03,15.0,5.77,0.0,0.0,15.083333333333332,0,0,0,1,0,0,1,0,0
6.0,6.0,2015.0,70.11,14.0,56.12,22.0,70.11,14.0,52.42,3.0,0.54,51.81,0.74,0.66,0.0,0.0,0.0,1019.47,3.283333333333333,18.383333333333333,70.11,14.0,56.12,22.0,8.0,11.0,6.789,40.0,10.12,22.0,3.39,0.0,0.0,15.1,0,0,0,1,0,0,1,0,0
6.0,7.0,2015.0,83.93,14.0,68.34,4.0,83.93,14.0,56.12,22.0,0.75,63.48,0.84,0.69,0.0129,0.1735,1.0,1008.2,3.283333333333333,18.4,80.23,14.0,67.57,4.0,5.0,11.0,5.969,195.0,14.72,10.0,4.56,8.0,0.0,15.116666666666665,0,0,0,0,1,0,0,1,0
6.0,8.0,2015.0,84.18,12.0,59.84,3.0,84.18,12.0,61.59,22.0,0.67,63.02,0.76,0.73,0.0043,0.0482,0.81,1005.68,3.283333333333333,18.416666666666668,83.5,13.0,59.84,3.0,8.0,10.0,6.269,249.0,17.16,13.0,4.41,15.0,0.0,15.133333333333335,0,0,0,0,1,0,0,1,0
6.0,9.0,2015.0,86.43,15.0,74.27,4.0,86.43,15.0,59.84,3.0,0.36,59.15,0.64,0.76,0.0,0.0,0.0,1008.05,3.283333333333333,18.416666666666668,86.43,15.0,73.87,4.0,7.0,12.0,6.304,230.0,10.67,15.0,3.0,0.0,0.0,15.133333333333335,0,0,0,1,0,0,1,0,0
6.0,10.0,2015.0,96.42,13.0,64.41,4.0,96.42,13.0,69.59,22.0,0.4,64.78,0.63,0.8,0.0001,0.0022,0.11,1006.17,3.2666666666666666,18.433333333333334,91.68,13.0,64.41,4.0,8.0,12.0,6.996,237.0,17.0,8.0,4.82,17.0,0.0,15.166666666666668,0,0,0,1,0,0,0,1,0
6.0,11.0,2015.0,73.65,11.0,62.13,23.0,73.65,11.0,62.65,22.0,0.77,59.64,0.76,0.84,0.003,0.0328,0.96,1010.2,3.2666666666666666,18.433333333333334,73.44,11.0,61.83,23.0,8.0,10.0,5.905,40.0,11.51,14.0,2.47,22.0,0.0,15.166666666666668,0,0,0,0,1,0,0,1,0
6.0,12.0,2015.0,69.31,8.0,56.31,20.0,69.31,8.0,56.31,20.0,0.98,59.81,0.95,0.88,0.0086,0.0328,0.96,1010.33,3.2666666666666666,18.45,68.42,8.0,56.31,20.0,5.0,11.0,3.086,14.0,9.72,14.0,2.88,22.0,0.0,15.183333333333334,0,0,0,0,1,0,0,1,0
6.0,13.0,2015.0,91.31,13.0,70.68,2.0,91.31,13.0,56.71,2.0,0.84,64.71,0.85,0.91,0.0076,0.0742,0.85,1013.35,3.2666666666666666,18.45,85.76,13.0,69.53,2.0,6.0,10.0,4.414,201.0,9.71,12.0,2.12,18.0,0.0,15.183333333333334,0,0,0,0,1,0,0,1,0
6.0,14.0,2015.0,87.8,14.0,73.45,3.0,87.8,14.0,70.68,2.0,0.83,69.76,0.84,0.95,0.0317,0.1828,1.0,1012.52,3.2666666666666666,18.466666666666665,83.44,14.0,72.14,3.0,6.0,11.0,6.143,239.0,11.54,10.0,2.69,1.0,0.0,15.2,0,0,0,0,1,0,0,1,0
6.0,15.0,2015.0,85.77,14.0,64.48,4.0,85.77,14.0,71.73,18.0,0.86,70.83,0.91,0.98,0.0506,0.2564,1.0,1013.01,3.2666666666666666,18.466666666666665,80.99,14.0,63.93,4.0,6.0,12.0,5.29,219.0,8.88,15.0,2.1,17.0,0.0,15.2,0,0,0,0,1,0,0,1,0
6.0,16.0,2015.0,71.24,13.0,57.18,22.0,71.85,22.0,57.18,22.0,0.55,55.65,0.72,0.02,0.0005,0.008,0.39,1019.39,3.2666666666666666,18.483333333333334,71.24,13.0,57.18,22.0,9.0,10.0,6.122,26.0,13.04,8.0,4.02,0.0,0.0,15.216666666666669,0,0,0,0,1,0,0,1,0
6.0,17.0,2015.0,70.67,16.0,67.39,20.0,70.67,16.0,57.18,22.0,0.97,56.58,0.8,0.05,0.0043,0.0462,0.94,1016.49,3.2666666666666666,18.483333333333334,70.26,16.0,66.95,20.0,5.0,11.0,3.882,41.0,4.21,15.0,1.08,8.0,0.0,15.216666666666669,0,0,0,0,1,0,0,1,0
6.0,18.0,2015.0,83.73,11.0,54.67,3.0,83.73,11.0,58.94,22.0,0.78,64.56,0.8,0.08,0.0027,0.0508,0.67,1014.16,3.2666666666666666,18.483333333333334,80.73,12.0,54.67,3.0,6.0,13.0,5.121,271.0,12.96,13.0,3.74,7.0,0.0,15.216666666666669,0,0,0,0,1,0,0,1,0
6.0,19.0,2015.0,65.36,12.0,55.21,1.0,65.36,12.0,54.67,3.0,0.46,51.81,0.75,0.12,0.0,0.0,0.0,1017.35,3.2666666666666666,18.5,65.36,12.0,55.21,1.0,7.0,10.0,7.245,26.0,10.83,13.0,4.74,0.0,0.0,15.233333333333334,0,0,0,1,0,0,1,0,0
6.0,20.0,2015.0,82.06,14.0,68.69,22.0,82.06,14.0,55.21,1.0,0.74,60.1,0.79,0.15,0.0089,0.0967,0.96,1010.86,3.283333333333333,18.5,79.67,14.0,67.87,22.0,7.0,11.0,6.334,222.0,13.86,12.0,2.43,20.0,0.0,15.216666666666667,0,0,0,0,1,0,0,1,0
6.0,21.0,2015.0,86.65,13.0,70.59,2.0,86.65,13.0,68.69,22.0,0.6,66.59,0.75,0.18,0.0008,0.0141,0.86,1011.79,3.283333333333333,18.5,85.1,13.0,69.72,2.0,7.0,11.0,6.522,259.0,9.9,13.0,2.96,22.0,0.0,15.216666666666667,0,0,0,0,1,0,0,1,0
6.0,22.0,2015.0,91.26,17.0,67.75,5.0,91.26,17.0,70.59,2.0,0.65,71.36,0.84,0.21,0.002,0.0257,0.81,1010.31,3.283333333333333,18.5,83.17,17.0,67.75,5.0,5.0,12.0,6.495,213.0,19.59,14.0,4.42,12.0,0.0,15.216666666666667,0,0,0,0,1,0,0,1,0
6.0,23.0,2015.0,79.8,14.0,62.26,2.0,79.8,14.0,65.18,22.0,0.29,59.31,0.63,0.24,0.0,0.0,0.0,1015.57,3.283333333333333,18.5,79.8,14.0,62.26,2.0,10.0,11.0,6.889,333.0,13.23,6.0,3.46,0.0,0.0,15.216666666666667,0,0,0,1,0,0,1,0,0
6.0,24.0,2015.0,78.42,14.0,67.7,2.0,78.42,14.0,62.26,2.0,0.52,59.79,0.7,0.27,0.0,0.0,0.0,1019.32,3.283333333333333,18.5,78.38,14.0,66.94,3.0,7.0,10.0,6.878,222.0,8.54,11.0,1.5,0.0,0.0,15.216666666666667,0,0,0,1,0,0,1,0,0
6.0,25.0,2015.0,79.64,10.0,60.8,3.0,79.64,10.0,62.9,22.0,0.94,65.08,0.86,0.3,0.0173,0.1571,1.0,1014.74,3.3,18.516666666666666,78.84,10.0,60.76,3.0,5.0,9.0,5.8,4.0,7.93,12.0,2.65,3.0,0.0,15.216666666666665,0,0,0,0,1,0,0,1,0
6.0,26.0,2015.0,67.7,11.0,57.71,4.0,67.7,11.0,60.04,22.0,0.96,59.68,0.9,0.33,0.0115,0.0614,1.0,1015.14,3.3,18.516666666666666,67.27,11.0,57.71,4.0,5.0,11.0,4.198,28.0,9.1,13.0,3.49,16.0,0.0,15.216666666666665,0,0,0,0,1,0,0,1,0
6.0,27.0,2015.0,75.11,15.0,55.39,4.0,75.11,15.0,57.71,4.0,0.37,53.54,0.68,0.36,0.0002,0.0046,0.59,1014.7,3.3,18.516666666666666,75.11,15.0,55.39,4.0,9.0,11.0,6.567,7.0,12.51,10.0,3.79,22.0,0.0,15.216666666666665,0,0,0,0,1,0,0,1,0
6.0,28.0,2015.0,78.82,11.0,64.95,4.0,78.82,11.0,55.39,4.0,0.49,55.5,0.66,0.4,0.0004,0.0043,0.38,1011.73,3.3166666666666664,18.516666666666666,78.82,11.0,64.47,4.0,8.0,9.0,6.682,174.0,7.3,11.0,1.57,19.0,0.0,15.2,0,0,0,0,1,0,0,1,0
6.0,29.0,2015.0,72.75,12.0,63.15,4.0,72.75,12.0,64.95,4.0,0.81,63.46,0.86,0.43,0.0049,0.0221,0.68,1008.84,3.3166666666666664,18.516666666666666,72.22,12.0,62.88,4.0,5.0,12.0,6.759,103.0,5.96,12.0,1.18,4.0,0.0,15.2,0,0,0,0,1,0,0,1,0
6.0,30.0,2015.0,75.94,13.0,56.77,4.0,75.94,13.0,58.76,22.0,0.48,60.76,0.81,0.46,0.0003,0.0041,0.34,1009.64,3.3333333333333335,18.5,75.71,13.0,56.77,4.0,8.0,10.0,8.856,344.0,10.31,15.0,2.97,1.0,0.0,15.166666666666666,0,0,0,0,1,0,0,1,0
7.0,1.0,2015.0,66.99,10.0,54.08,1.0,66.99,10.0,55.71,22.0,0.73,53.32,0.79,0.5,0.0,0.0,0.0,1014.5,3.3333333333333335,18.5,66.99,10.0,54.08,1.0,6.0,10.0,8.771,39.0,9.62,16.0,3.5,0.0,0.0,15.166666666666666,0,0,0,1,0,0,1,0,0
7.0,2.0,2015.0,67.82,15.0,58.18,0.0,67.82,15.0,54.08,1.0,0.54,53.69,0.78,0.54,0.0,0.0,0.0,1015.58,3.35,18.5,67.82,15.0,58.18,0.0,9.0,11.0,6.353,28.0,12.45,11.0,4.48,0.0,0.0,15.15,0,0,0,1,0,0,1,0,0
7.0,3.0,2015.0,76.14,13.0,59.11,3.0,76.14,13.0,58.18,0.0,0.49,55.33,0.68,0.57,0.0,0.0,0.0,1014.34,3.35,18.5,76.14,13.0,59.11,3.0,7.0,12.0,7.093,57.0,7.03,14.0,1.86,0.0,0.0,15.15,0,0,0,1,0,0,1,0,0
7.0,4.0,2015.0,81.81,14.0,62.77,3.0,81.81,14.0,59.11,3.0,0.08,57.55,0.65,0.61,0.0,0.0,0.0,1015.11,3.3666666666666667,18.5,81.54,14.0,62.77,3.0,10.0,11.0,5.778,234.0,7.28,12.0,1.27,0.0,0.0,15.133333333333333,1,0,0,0,0,0,1,0,0
7.0,5.0,2015.0,84.28,14.0,67.95,3.0,84.28,14.0,62.77,3.0,0.11,61.3,0.66,0.65,0.0,0.0,0.0,1017.11,3.3666666666666667,18.5,83.31,14.0,67.44,3.0,9.0,11.0,4.753,175.0,8.66,13.0,1.74,0.0,0.0,15.133333333333333,1,0,0,0,0,0,1,0,0
7.0,6.0,2015.0,90.22,12.0,57.88,6.0,90.22,12.0,67.95,3.0,0.45,67.73,0.78,0.68,0.014,0.1036,0.97,1013.13,3.3833333333333333,18.483333333333334,85.14,12.0,57.88,6.0,7.0,11.0,5.212,193.0,13.97,10.0,3.83,20.0,0.0,15.100000000000001,0,0,0,0,1,0,0,1,0
7.0,7.0,2015.0,66.43,13.0,55.56,2.0,72.9,22.0,56.6,22.0,0.63,55.59,0.77,0.72,0.0151,0.0719,1.0,1015.12,3.4,18.483333333333334,66.43,13.0,55.56,2.0,8.0,12.0,6.087,18.0,16.68,4.0,5.72,22.0,0.0,15.083333333333334,0,0,0,0,1,0,0,1,0
7.0,8.0,2015.0,66.54,13.0,59.55,4.0,66.54,13.0,55.56,2.0,0.75,54.5,0.8,0.76,0.0008,0.0057,0.5,1017.87,3.4,18.483333333333334,66.54,13.0,59.44,4.0,6.0,12.0,6.079,48.0,7.95,12.0,2.76,21.0,0.0,15.083333333333334,0,0,0,0,1,0,0,1,0
7.0,9.0,2015.0,73.03,14.0,61.18,3.0,73.03,14.0,59.55,4.0,0.75,58.29,0.8,0.79,0.0012,0.0053,0.65,1015.25,3.4166666666666665,18.466666666666665,73.03,14.0,61.14,3.0,5.0,12.0,4.736,13.0,8.89,3.0,3.07,1.0,0.0,15.049999999999999,0,0,0,0,1,0,0,1,0
7.0,10.0,2015.0,80.98,13.0,61.5,4.0,80.98,13.0,61.18,3.0,0.35,58.63,0.69,0.83,0.0,0.0,0.0,1018.95,3.4333333333333336,18.466666666666665,80.29,13.0,61.5,4.0,8.0,12.0,5.318,85.0,6.42,14.0,1.2,0.0,0.0,15.033333333333331,0,0,0,1,0,0,1,0,0
7.0,11.0,2015.0,78.65,11.0,68.44,4.0,78.65,11.0,61.5,4.0,0.63,61.78,0.74,0.87,0.0005,0.0052,0.66,1019.2,3.45,18.45,78.39,11.0,67.61,4.0,6.0,11.0,6.125,155.0,7.55,10.0,1.77,15.0,0.0,15.0,0,0,0,0,1,0,0,1,0
7.0,12.0,2015.0,84.53,14.0,68.61,6.0,84.53,14.0,68.44,4.0,0.71,67.31,0.8,0.9,0.0001,0.0013,0.21,1014.56,3.45,18.45,81.43,14.0,67.77,6.0,6.0,13.0,5.614,97.0,7.02,13.0,1.97,22.0,0.0,15.0,0,0,0,1,0,0,0,1,0
7.0,13.0,2015.0,97.57,17.0,72.46,4.0,97.57,17.0,68.61,6.0,0.69,69.9,0.8,0.93,0.013,0.2004,1.0,1005.62,3.466666666666667,18.433333333333334,86.19,14.0,71.54,4.0,9.0,12.0,6.833,194.0,14.16,5.0,4.28,6.0,0.0,14.966666666666667,0,0,0,0,1,0,0,1,0
7.0,14.0,2015.0,79.95,12.0,59.45,4.0,79.95,12.0,62.2,22.0,0.43,64.26,0.75,0.97,0.0,0.0008,0.12,1005.08,3.4833333333333334,18.433333333333334,79.24,12.0,59.45,4.0,6.0,11.0,7.011,350.0,14.9,19.0,5.31,22.0,0.0,14.95,0,0,0,1,0,0,1,0,0
7.0,15.0,2015.0,74.41,13.0,60.57,0.0,74.41,13.0,59.45,4.0,0.46,54.14,0.67,0.0,0.0,0.0,0.0,1015.54,3.5,18.416666666666668,74.41,13.0,60.57,0.0,8.0,11.0,7.127,25.0,10.58,22.0,4.02,0.0,0.0,14.916666666666668,0,0,0,1,0,0,1,0,0
7.0,16.0,2015.0,76.52,15.0,69.57,19.0,76.52,15.0,60.57,0.0,0.79,61.95,0.83,0.03,0.0195,0.1504,1.0,1014.03,3.5,18.4,75.93,15.0,68.63,19.0,6.0,11.0,5.976,146.0,13.13,13.0,2.51,17.0,0.0,14.899999999999999,0,0,0,0,1,0,0,1,0
7.0,17.0,2015.0,102.21,15.0,75.12,4.0,102.21,15.0,72.42,22.0,0.52,72.46,0.77,0.06,0.0021,0.0396,0.98,1008.29,3.5166666666666666,18.4,91.75,13.0,73.97,4.0,8.0,10.0,6.416,234.0,8.8,9.0,3.12,22.0,0.0,14.883333333333333,0,0,0,0,1,0,0,1,0
7.0,18.0,2015.0,101.42,13.0,76.57,4.0,101.42,13.0,75.12,4.0,0.46,72.5,0.8,0.1,0.01,0.1296,0.79,1009.94,3.533333333333333,18.383333333333333,88.92,13.0,75.1,4.0,6.0,11.0,6.926,193.0,15.8,15.0,3.04,15.0,0.0,14.85,0,0,0,0,1,0,0,1,0
7.0,19.0,2015.0,90.21,10.0,64.57,4.0,90.21,10.0,69.48,22.0,0.42,68.43,0.72,0.13,0.0,0.0,0.0,1011.26,3.55,18.366666666666667,84.67,11.0,64.34,4.0,6.0,12.0,6.978,290.0,13.44,14.0,2.7,0.0,0.0,14.816666666666666,0,0,0,1,0,0,1,0,0
7.0,20.0,2015.0,87.63,13.0,67.12,4.0,87.63,13.0,64.57,4.0,0.39,64.63,0.7,0.16,0.0,0.0,0.0,1009.2,3.5666666666666664,18.366666666666667,85.99,13.0,67.12,4.0,7.0,11.0,6.907,261.0,11.14,12.0,2.4,0.0,0.0,14.8,0,0,0,1,0,0,1,0,0
7.0,21.0,2015.0,79.83,14.0,64.47,4.0,79.83,14.0,67.12,4.0,0.26,58.08,0.6,0.19,0.0,0.0,0.0,1011.42,3.5833333333333335,18.35,79.83,14.0,64.47,4.0,9.0,11.0,7.157,353.0,10.22,11.0,3.51,0.0,0.0,14.766666666666667,0,0,0,1,0,0,1,0,0
7.0,22.0,2015.0,81.38,13.0,63.5,4.0,81.38,13.0,64.47,4.0,0.58,57.49,0.59,0.22,0.0,0.0,0.0,1014.32,3.6,18.333333333333332,81.38,13.0,63.5,4.0,6.0,10.0,7.161,86.0,6.36,11.0,1.17,0.0,0.0,14.733333333333333,0,0,0,1,0,0,1,0,0
7.0,23.0,2015.0,83.99,13.0,66.29,4.0,83.99,13.0,63.5,4.0,0.17,59.65,0.6,0.25,0.0,0.0,0.0,1015.58,3.6166666666666667,18.316666666666666,83.85,13.0,66.09,4.0,7.0,9.0,7.098,74.0,6.58,12.0,1.22,0.0,0.0,14.7,0,0,0,1,0,0,1,0,0
7.0,24.0,2015.0,85.47,11.0,73.22,4.0,85.47,11.0,66.29,4.0,0.25,62.65,0.63,0.28,0.0,0.0,0.0,1015.2,3.6333333333333333,18.3,85.0,11.0,72.44,4.0,8.0,10.0,6.928,207.0,12.88,13.0,2.63,0.0,0.0,14.666666666666668,0,0,0,1,0,0,1,0,0
7.0,25.0,2015.0,97.17,12.0,67.41,4.0,97.17,12.0,72.71,22.0,0.47,69.2,0.73,0.31,0.0,0.0,0.0,1012.94,3.65,18.283333333333335,88.75,12.0,67.0,4.0,6.0,11.0,6.902,315.0,9.82,15.0,3.04,0.0,0.0,14.633333333333335,0,0,0,1,0,0,1,0,0
7.0,26.0,2015.0,81.61,13.0,70.13,3.0,81.61,13.0,67.41,4.0,0.55,66.19,0.76,0.34,0.0,0.0,0.0,1013.99,3.65,18.266666666666666,79.22,8.0,69.33,3.0,6.0,9.0,6.878,52.0,6.27,13.0,1.42,0.0,0.0,14.616666666666665,0,0,0,1,0,0,1,0,0
7.0,27.0,2015.0,88.76,12.0,70.48,4.0,88.76,12.0,70.13,3.0,0.34,66.18,0.69,0.38,0.0,0.0,0.0,1015.18,3.6666666666666665,18.25,87.44,12.0,69.85,4.0,9.0,11.0,6.674,78.0,10.59,12.0,2.62,0.0,0.0,14.583333333333334,0,0,0,1,0,0,1,0,0
7.0,28.0,2015.0,96.7,13.0,76.2,4.0,96.7,13.0,70.48,4.0,0.36,69.45,0.7,0.41,0.0,0.0,0.0,1014.07,3.6833333333333336,18.25,90.01,13.0,74.89,4.0,6.0,10.0,9.805,139.0,10.03,14.0,1.95,0.0,0.0,14.566666666666666,0,0,0,1,0,0,1,0,0
7.0,29.0,2015.0,87.22,13.0,66.88,4.0,87.22,13.0,72.66,22.0,0.51,64.43,0.63,0.45,0.0007,0.0085,0.36,1014.15,3.7,18.216666666666665,87.22,13.0,66.88,4.0,7.0,12.0,9.712,283.0,13.66,16.0,3.51,1.0,0.0,14.516666666666666,0,0,0,0,1,0,0,1,0
7.0,30.0,2015.0,87.52,14.0,67.44,4.0,87.52,14.0,66.88,4.0,0.04,57.77,0.53,0.49,0.0,0.0,0.0,1016.39,3.716666666666667,18.2,87.52,14.0,67.44,4.0,9.0,10.0,9.997,284.0,17.94,16.0,4.24,0.0,0.0,14.483333333333333,1,0,0,0,0,0,1,0,0
7.0,31.0,2015.0,86.25,13.0,63.98,4.0,86.25,13.0,67.44,4.0,0.12,56.8,0.51,0.52,0.0,0.0,0.0,1014.9,3.7333333333333334,18.183333333333334,86.25,13.0,63.98,4.0,9.0,11.0,9.997,291.0,18.22,14.0,4.01,0.0,0.0,14.45,1,0,0,0,0,0,1,0,0
8.0,1.0,2015.0,86.07,13.0,72.12,4.0,86.07,13.0,63.98,4.0,0.27,58.42,0.55,0.56,0.0,0.0,0.0,1013.68,3.75,18.166666666666668,86.07,13.0,71.3,4.0,7.0,11.0,9.997,264.0,13.52,16.0,3.38,0.0,0.0,14.416666666666668,0,0,0,1,0,0,1,0,0
8.0,2.0,2015.0,96.3,15.0,67.38,3.0,96.3,15.0,68.34,22.0,0.27,67.65,0.66,0.6,0.0142,0.3009,1.0,1007.96,3.7666666666666666,18.15,91.07,12.0,66.67,3.0,9.0,11.0,9.735,229.0,20.72,15.0,6.17,22.0,0.0,14.383333333333333,0,0,0,0,1,0,0,1,0
8.0,3.0,2015.0,81.47,13.0,61.14,4.0,81.47,13.0,67.38,3.0,0.29,58.02,0.62,0.64,0.0151,0.3009,1.0,1009.82,3.783333333333333,18.133333333333333,81.47,13.0,61.14,4.0,8.0,12.0,9.872,301.0,12.45,14.0,2.9,22.0,0.0,14.35,0,0,0,0,1,0,0,1,0
8.0,4.0,2015.0,81.69,13.0,62.16,4.0,81.69,13.0,61.14,4.0,0.31,56.13,0.59,0.68,0.0,0.0,0.0,1014.29,3.8,18.116666666666667,81.69,13.0,62.16,4.0,7.0,11.0,8.053,294.0,12.31,13.0,2.4,0.0,0.0,14.316666666666666,0,0,0,1,0,0,1,0,0
8.0,5.0,2015.0,81.15,11.0,67.6,2.0,81.15,11.0,62.16,4.0,0.43,58.6,0.64,0.71,0.0,0.0,0.0,1016.64,3.8166666666666664,18.1,81.15,11.0,67.18,2.0,6.0,10.0,7.129,70.0,9.08,16.0,2.19,0.0,0.0,14.283333333333335,0,0,0,1,0,0,1,0,0
8.0,6.0,2015.0,81.67,12.0,65.34,4.0,81.67,12.0,67.6,2.0,0.36,62.13,0.69,0.75,0.0,0.0,0.0,1014.0,3.8333333333333335,18.066666666666666,80.99,12.0,65.34,4.0,7.0,11.0,7.005,59.0,10.41,13.0,2.89,0.0,0.0,14.233333333333333,0,0,0,1,0,0,1,0,0
8.0,7.0,2015.0,82.21,13.0,70.7,4.0,82.21,13.0,65.34,4.0,0.46,60.29,0.63,0.79,0.0,0.0,0.0,1012.14,3.8666666666666667,18.05,81.84,13.0,70.38,4.0,8.0,10.0,8.868,173.0,11.84,13.0,3.06,0.0,0.0,14.183333333333334,0,0,0,1,0,0,1,0,0
8.0,8.0,2015.0,83.97,9.0,68.62,0.0,83.97,9.0,69.78,22.0,0.59,65.17,0.74,0.82,0.0,0.0,0.0,1012.97,3.8833333333333333,18.033333333333335,81.28,10.0,67.92,0.0,6.0,12.0,9.787,299.0,9.02,11.0,2.78,0.0,0.0,14.150000000000002,0,0,0,1,0,0,1,0,0
8.0,9.0,2015.0,81.64,13.0,72.81,3.0,81.64,13.0,68.62,0.0,0.85,67.12,0.83,0.85,0.0,0.0004,0.1,1014.11,3.9,18.016666666666666,79.28,13.0,71.68,4.0,6.0,11.0,7.165,140.0,7.63,16.0,1.33,15.0,0.0,14.116666666666665,0,0,0,1,0,0,1,0,0
8.0,10.0,2015.0,86.24,10.0,66.91,4.0,86.24,10.0,70.21,22.0,0.7,68.51,0.82,0.89,0.0042,0.0609,0.87,1011.29,3.9166666666666665,17.983333333333334,82.73,10.0,66.45,4.0,6.0,10.0,6.427,343.0,11.11,13.0,1.71,15.0,0.0,14.066666666666668,0,0,0,0,1,0,0,1,0
8.0,11.0,2015.0,79.39,11.0,62.85,4.0,79.39,11.0,65.23,22.0,0.28,62.01,0.72,0.92,0.0,0.0,0.0,1016.8,3.9333333333333336,17.966666666666665,79.05,11.0,62.85,4.0,6.0,12.0,6.473,24.0,11.52,14.0,2.57,0.0,0.0,14.033333333333331,0,0,0,1,0,0,1,0,0
8.0,12.0,2015.0,77.91,13.0,65.37,4.0,77.91,13.0,62.85,4.0,0.18,60.11,0.7,0.95,0.0,0.0,0.0,1020.29,3.95,17.95,77.79,13.0,65.24,4.0,7.0,12.0,6.586,52.0,8.63,13.0,2.06,0.0,0.0,14.0,0,0,0,1,0,0,1,0,0
8.0,13.0,2015.0,84.97,14.0,73.36,5.0,84.97,14.0,65.37,4.0,0.29,62.61,0.67,0.98,0.0,0.0,0.0,1018.31,3.966666666666667,17.916666666666668,83.79,14.0,72.69,5.0,7.0,10.0,7.046,229.0,14.39,12.0,3.78,0.0,0.0,13.950000000000001,0,0,0,1,0,0,1,0,0
8.0,14.0,2015.0,94.34,14.0,68.44,4.0,94.34,14.0,69.67,22.0,0.66,67.86,0.71,0.01,0.006,0.0892,1.0,1018.35,3.9833333333333334,17.9,88.7,14.0,67.77,4.0,7.0,11.0,6.988,248.0,10.54,20.0,3.63,21.0,0.0,13.916666666666664,0,0,0,0,1,0,0,1,0
8.0,15.0,2015.0,95.68,12.0,71.91,4.0,95.68,12.0,68.44,4.0,0.42,68.59,0.79,0.04,0.004,0.0284,0.93,1019.13,4.0,17.866666666666667,87.78,12.0,70.85,4.0,8.0,11.0,7.123,214.0,9.98,14.0,1.93,22.0,0.0,13.866666666666667,0,0,0,0,1,0,0,1,0
8.0,16.0,2015.0,93.38,13.0,71.9,4.0,93.38,13.0,71.91,4.0,0.18,68.97,0.71,0.08,0.0,0.0,0.0,1018.22,4.016666666666667,17.85,89.42,14.0,70.97,4.0,7.0,11.0,6.258,221.0,11.97,14.0,2.93,0.0,0.0,13.833333333333336,0,0,0,1,0,0,1,0,0
8.0,17.0,2015.0,90.87,11.0,69.08,5.0,90.87,11.0,70.93,22.0,0.41,68.38,0.75,0.11,0.0072,0.0662,0.62,1015.69,4.033333333333333,17.833333333333332,86.5,11.0,68.14,5.0,6.0,11.0,6.257,207.0,10.18,14.0,2.47,20.0,0.0,13.799999999999999,0,0,0,0,1,0,0,1,0
8.0,18.0,2015.0,86.53,14.0,69.76,20.0,86.53,14.0,69.08,5.0,0.84,67.96,0.83,0.14,0.0283,0.2602,1.0,1009.53,4.05,17.8,82.84,14.0,68.84,20.0,5.0,11.0,5.712,176.0,11.92,18.0,3.52,19.0,0.0,13.75,0,0,0,0,1,0,0,1,0
8.0,19.0,2015.0,76.48,13.0,60.06,5.0,76.48,13.0,63.16,22.0,0.75,61.65,0.75,0.17,0.0005,0.009,0.47,1005.24,4.066666666666666,17.783333333333335,76.48,13.0,60.06,5.0,7.0,11.0,6.676,219.0,15.62,12.0,6.05,22.0,0.0,13.716666666666669,0,0,0,0,1,0,0,1,0
8.0,20.0,2015.0,73.7,15.0,57.43,4.0,73.7,15.0,60.06,5.0,0.57,53.33,0.66,0.2,0.0,0.0,0.0,1010.66,4.083333333333333,17.75,73.7,15.0,57.43,4.0,5.0,12.0,9.547,254.0,18.43,13.0,5.71,0.0,0.0,13.666666666666668,0,0,0,1,0,0,1,0,0
8.0,21.0,2015.0,82.58,13.0,62.84,4.0,82.58,13.0,57.43,4.0,0.16,56.9,0.63,0.23,0.0,0.0,0.0,1017.93,4.1,17.733333333333334,82.26,13.0,62.84,4.0,8.0,11.0,7.977,193.0,12.43,12.0,3.08,0.0,0.0,13.633333333333335,0,0,0,1,0,0,1,0,0
8.0,22.0,2015.0,80.79,14.0,68.61,4.0,80.79,14.0,62.84,4.0,0.29,57.9,0.61,0.26,0.0,0.0,0.0,1017.83,4.116666666666666,17.7,80.58,14.0,68.32,4.0,7.0,10.0,6.748,165.0,13.91,12.0,3.4,0.0,0.0,13.583333333333332,0,0,0,1,0,0,1,0,0
8.0,23.0,2015.0,76.52,13.0,56.32,4.0,76.52,13.0,63.9,22.0,0.64,59.34,0.68,0.29,0.0008,0.0132,0.29,1011.88,4.133333333333334,17.683333333333334,76.52,13.0,56.32,4.0,7.0,12.0,7.207,241.0,16.74,13.0,4.44,8.0,0.0,13.55,0,0,0,1,0,0,0,1,0
8.0,24.0,2015.0,72.89,13.0,60.04,5.0,72.89,13.0,56.32,4.0,0.47,49.65,0.59,0.33,0.0,0.0,0.0,1013.71,4.15,17.65,72.89,13.0,60.04,5.0,7.0,11.0,9.997,274.0,18.99,14.0,5.43,0.0,0.0,13.499999999999998,0,0,0,1,0,0,1,0,0
8.0,25.0,2015.0,69.72,13.0,58.08,2.0,69.72,13.0,60.04,5.0,0.91,51.68,0.65,0.36,0.0,0.0,0.0,1016.28,4.166666666666667,17.616666666666667,69.72,13.0,58.08,2.0,6.0,12.0,8.827,312.0,9.51,13.0,3.32,0.0,0.0,13.45,0,1,0,0,0,0,1,0,0
8.0,26.0,2015.0,65.48,14.0,54.13,3.0,65.48,14.0,58.08,2.0,0.86,53.61,0.74,0.4,0.0,0.0,0.0,1020.58,4.183333333333334,17.6,65.48,14.0,54.13,3.0,4.0,11.0,6.805,345.0,6.41,9.0,1.7,0.0,0.0,13.416666666666668,0,0,0,1,0,0,1,0,0
8.0,27.0,2015.0,73.41,13.0,59.17,3.0,73.41,13.0,54.13,3.0,0.41,54.43,0.73,0.43,0.0,0.0,0.0,1021.4,4.2,17.566666666666666,73.41,13.0,59.17,3.0,6.0,12.0,6.546,100.0,6.41,15.0,1.23,0.0,0.0,13.366666666666667,0,0,0,1,0,0,1,0,0
8.0,28.0,2015.0,73.32,14.0,64.39,6.0,73.32,14.0,59.17,3.0,0.51,59.76,0.77,0.47,0.0,0.0,0.0,1019.52,4.216666666666667,17.55,73.13,14.0,63.96,6.0,5.0,11.0,6.765,162.0,6.13,10.0,1.46,0.0,0.0,13.333333333333334,0,0,0,1,0,0,1,0,0
8.0,29.0,2015.0,72.34,13.0,64.73,4.0,72.34,13.0,64.39,6.0,0.93,64.08,0.89,0.51,0.0165,0.0938,0.96,1016.92,4.233333333333333,17.516666666666666,71.49,13.0,64.1,4.0,4.0,11.0,4.677,141.0,6.3,8.0,1.5,5.0,0.0,13.283333333333331,0,0,0,0,1,0,0,1,0
8.0,30.0,2015.0,76.8,14.0,63.33,4.0,76.8,14.0,64.73,4.0,0.68,64.27,0.87,0.55,0.0,0.0,0.0,1017.24,4.25,17.483333333333334,76.18,14.0,63.0,4.0,5.0,11.0,3.772,15.0,5.11,13.0,1.21,22.0,0.0,13.233333333333334,0,0,0,1,0,0,1,0,0
8.0,31.0,2015.0,88.71,14.0,72.1,4.0,88.71,14.0,63.33,4.0,0.31,66.32,0.8,0.59,0.0,0.0,0.0,1017.15,4.266666666666667,17.466666666666665,84.5,14.0,70.97,4.0,7.0,11.0,4.306,135.0,6.35,12.0,0.98,0.0,0.0,13.2,0,0,0,1,0,0,1,0,0
9.0,1.0,2015.0,95.93,14.0,72.89,5.0,95.93,14.0,72.1,4.0,0.17,71.37,0.78,0.63,0.0,0.0,0.0,1016.57,4.283333333333333,17.433333333333334,88.08,14.0,71.89,5.0,6.0,10.0,8.15,201.0,11.96,11.0,3.11,0.0,0.0,13.15,0,0,0,1,0,0,1,0,0
9.0,2.0,2015.0,95.83,13.0,73.98,5.0,95.83,13.0,72.89,5.0,0.32,69.61,0.71,0.67,0.0,0.0,0.0,1015.63,4.316666666666666,17.4,89.87,13.0,73.07,5.0,7.0,10.0,7.475,224.0,11.12,13.0,2.81,0.0,0.0,13.083333333333332,0,0,0,1,0,0,1,0,0
9.0,3.0,2015.0,96.19,14.0,69.28,4.0,96.19,14.0,72.22,22.0,0.42,69.23,0.71,0.7,0.0,0.0,0.0,1013.21,4.333333333333333,17.383333333333333,90.6,14.0,68.52,4.0,5.0,10.0,6.567,249.0,12.16,13.0,3.29,0.0,0.0,13.05,0,0,0,1,0,0,1,0,0
9.0,4.0,2015.0,86.75,12.0,70.88,2.0,86.75,12.0,69.28,4.0,0.33,67.68,0.81,0.74,0.0,0.0,0.0,1015.83,4.35,17.35,82.56,12.0,69.92,2.0,6.0,11.0,6.968,56.0,8.44,16.0,2.1,0.0,0.0,13.000000000000002,0,0,0,1,0,0,1,0,0
9.0,5.0,2015.0,89.37,14.0,72.67,5.0,89.37,14.0,70.88,2.0,0.54,68.37,0.79,0.77,0.0,0.0,0.0,1018.14,4.366666666666666,17.316666666666666,85.2,14.0,71.99,5.0,5.0,11.0,6.376,177.0,9.97,11.0,2.46,12.0,0.0,12.95,0,0,0,1,0,0,1,0,0
9.0,6.0,2015.0,95.95,13.0,76.51,5.0,95.95,13.0,72.67,5.0,0.23,67.49,0.64,0.81,0.0,0.0,0.0,1016.55,4.383333333333334,17.3,91.94,14.0,75.71,5.0,7.0,11.0,6.769,195.0,12.89,11.0,3.52,0.0,0.0,12.916666666666668,0,0,0,1,0,0,1,0,0
9.0,7.0,2015.0,93.86,13.0,76.08,5.0,93.86,13.0,76.51,5.0,0.63,69.15,0.68,0.84,0.0,0.0,0.0,1014.32,4.4,17.266666666666666,87.63,13.0,74.91,5.0,5.0,11.0,6.247,219.0,8.01,22.0,2.61,0.0,0.0,12.866666666666665,0,0,0,1,0,0,1,0,0
9.0,8.0,2015.0,86.87,10.0,66.91,5.0,86.87,10.0,69.44,22.0,0.83,70.02,0.86,0.87,0.0298,0.41,0.99,1011.12,4.416666666666667,17.233333333333334,82.48,10.0,66.25,5.0,4.0,10.0,5.9,212.0,13.15,9.0,2.78,12.0,0.0,12.816666666666666,0,0,0,0,1,0,0,1,0
9.0,9.0,2015.0,75.46,14.0,57.29,4.0,75.46,14.0,59.64,22.0,0.4,59.85,0.76,0.9,0.0,0.0,0.0,1014.8,4.433333333333334,17.2,75.46,14.0,57.29,4.0,5.0,11.0,6.961,16.0,9.27,11.0,2.27,0.0,0.0,12.766666666666666,0,0,0,1,0,0,1,0,0
9.0,10.0,2015.0,73.41,10.0,60.12,6.0,73.41,10.0,57.29,4.0,0.47,57.58,0.82,0.93,0.0074,0.0911,1.0,1013.9,4.45,17.183333333333334,73.41,10.0,60.07,6.0,5.0,10.0,6.685,285.0,9.25,11.0,1.64,13.0,0.0,12.733333333333334,0,0,0,0,1,0,0,1,0
9.0,11.0,2015.0,65.75,12.0,52.68,5.0,65.75,12.0,55.92,22.0,0.75,55.39,0.81,0.96,0.0059,0.0602,0.96,1015.17,4.466666666666667,17.15,65.75,12.0,52.68,5.0,4.0,10.0,6.519,7.0,16.41,14.0,3.82,6.0,0.0,12.683333333333332,0,0,0,0,1,0,0,1,0
9.0,12.0,2015.0,63.48,14.0,49.02,3.0,63.48,14.0,52.17,22.0,0.49,47.27,0.71,0.99,0.0027,0.0226,0.44,1017.0,4.483333333333333,17.116666666666667,63.48,14.0,49.02,3.0,5.0,11.0,6.318,355.0,15.24,13.0,4.17,7.0,0.0,12.633333333333333,0,0,0,0,1,0,0,1,0
9.0,13.0,2015.0,70.51,15.0,54.07,3.0,70.51,15.0,49.02,3.0,0.23,46.29,0.64,0.02,0.0,0.0,0.0,1016.44,4.5,17.083333333333332,70.51,15.0,54.07,3.0,5.0,11.0,6.819,272.0,10.31,11.0,2.3,0.0,0.0,12.583333333333332,0,0,0,1,0,0,1,0,0
9.0,14.0,2015.0,82.01,14.0,63.6,5.0,82.01,14.0,54.07,3.0,0.14,52.17,0.59,0.05,0.0,0.0,0.0,1017.09,4.516666666666667,17.066666666666666,82.01,14.0,63.6,5.0,7.0,11.0,6.993,194.0,16.69,12.0,5.1,0.0,0.0,12.55,0,0,0,1,0,0,1,0,0
9.0,15.0,2015.0,82.99,14.0,60.2,5.0,82.99,14.0,63.6,5.0,0.27,54.29,0.55,0.08,0.0,0.0,0.0,1021.61,4.533333333333333,17.033333333333335,82.99,14.0,60.2,5.0,5.0,12.0,7.132,187.0,13.63,14.0,4.91,0.0,0.0,12.500000000000002,0,0,0,1,0,0,1,0,0
9.0,16.0,2015.0,83.32,14.0,64.85,3.0,83.32,14.0,60.2,5.0,0.07,54.95,0.56,0.12,0.0,0.0,0.0,1021.14,4.55,17.0,83.32,14.0,64.85,3.0,6.0,11.0,7.19,185.0,14.22,12.0,4.31,0.0,0.0,12.45,1,0,0,0,0,0,1,0,0
9.0,17.0,2015.0,87.28,13.0,67.65,5.0,87.28,13.0,64.85,3.0,0.46,61.9,0.67,0.15,0.0039,0.0475,0.67,1014.88,4.566666666666666,16.966666666666665,85.08,13.0,66.85,5.0,6.0,10.0,6.833,184.0,15.35,12.0,5.06,16.0,0.0,12.399999999999999,0,0,0,0,1,0,0,1,0
9.0,18.0,2015.0,77.39,13.0,58.44,6.0,77.39,13.0,67.65,5.0,0.94,67.57,0.89,0.18,0.0509,0.3015,1.0,1009.51,4.583333333333333,16.95,76.14,13.0,58.44,6.0,4.0,11.0,5.266,196.0,14.3,22.0,2.89,2.0,0.0,12.366666666666667,0,0,0,0,1,0,0,1,0
9.0,19.0,2015.0,69.2,15.0,50.93,5.0,69.65,22.0,54.85,22.0,0.61,54.81,0.76,0.21,0.02,0.282,1.0,1013.76,4.6,16.916666666666668,69.2,15.0,50.93,5.0,4.0,10.0,6.821,334.0,14.45,1.0,4.4,23.0,0.0,12.316666666666668,0,0,0,0,1,0,0,1,0
9.0,20.0,2015.0,70.76,13.0,52.15,5.0,70.76,13.0,50.93,5.0,0.22,50.09,0.7,0.24,0.0,0.0,0.0,1021.33,4.616666666666667,16.883333333333333,70.76,13.0,52.15,5.0,5.0,10.0,6.812,98.0,8.16,14.0,1.7,0.0,0.0,12.266666666666666,0,0,0,1,0,0,1,0,0
9.0,21.0,2015.0,72.3,13.0,54.81,5.0,72.3,13.0,52.15,5.0,0.04,51.06,0.68,0.27,0.0,0.0,0.0,1020.27,4.633333333333333,16.85,72.3,13.0,54.81,5.0,6.0,11.0,6.491,113.0,8.65,14.0,2.11,0.0,0.0,12.216666666666669,1,0,0,0,0,0,1,0,0
9.0,22.0,2015.0,79.78,13.0,57.8,5.0,79.78,13.0,54.81,5.0,0.18,52.83,0.64,0.31,0.0,0.0,0.0,1021.85,4.65,16.833333333333332,79.78,13.0,57.8,5.0,6.0,11.0,6.831,157.0,7.1,12.0,1.59,0.0,0.0,12.183333333333332,0,0,0,1,0,0,1,0,0
9.0,23.0,2015.0,78.78,12.0,58.92,5.0,78.78,12.0,57.8,5.0,0.3,54.24,0.64,0.34,0.0,0.0,0.0,1023.92,4.666666666666667,16.8,78.78,12.0,58.92,5.0,5.0,11.0,8.704,68.0,7.96,13.0,1.7,0.0,0.0,12.133333333333333,0,0,0,1,0,0,1,0,0
9.0,24.0,2015.0,75.47,12.0,61.72,2.0,75.47,12.0,58.92,5.0,0.37,57.85,0.74,0.38,0.0,0.0,0.0,1024.09,4.683333333333334,16.766666666666666,75.47,12.0,61.72,2.0,5.0,11.0,8.523,60.0,8.25,16.0,2.24,0.0,0.0,12.083333333333332,0,0,0,1,0,0,1,0,0
9.0,25.0,2015.0,72.62,12.0,59.3,5.0,72.62,12.0,61.72,2.0,0.42,60.35,0.8,0.42,0.0,0.0,0.0,1023.67,4.7,16.733333333333334,72.47,10.0,59.3,5.0,5.0,11.0,6.215,32.0,12.25,12.0,3.54,0.0,0.0,12.033333333333335,0,0,0,1,0,0,1,0,0
9.0,26.0,2015.0,74.57,12.0,65.59,2.0,74.57,12.0,59.3,5.0,0.38,58.67,0.74,0.46,0.0,0.0,0.0,1023.07,4.716666666666667,16.716666666666665,74.57,12.0,65.59,2.0,5.0,11.0,6.75,80.0,10.62,15.0,3.09,0.0,0.0,11.999999999999998,0,0,0,1,0,0,1,0,0
9.0,27.0,2015.0,74.13,15.0,66.39,5.0,74.13,15.0,65.59,2.0,0.84,61.38,0.78,0.5,0.0,0.0,0.0,1018.64,4.733333333333333,16.683333333333334,73.74,15.0,65.9,5.0,3.0,11.0,6.885,148.0,6.31,15.0,2.35,0.0,0.0,11.95,0,0,0,1,0,0,1,0,0
9.0,28.0,2015.0,78.54,13.0,63.45,6.0,78.54,13.0,66.39,5.0,0.88,64.59,0.8,0.54,0.0,0.0,0.0,1015.18,4.75,16.65,77.91,13.0,63.23,6.0,3.0,11.0,6.835,199.0,6.3,13.0,1.64,0.0,0.0,11.899999999999999,0,1,0,0,0,0,1,0,0
9.0,29.0,2015.0,65.16,5.0,54.75,4.0,69.85,22.0,57.13,22.0,0.81,56.76,0.82,0.58,0.002,0.0221,0.47,1016.43,4.766666666666667,16.616666666666667,64.74,5.0,54.75,4.0,3.0,11.0,6.382,15.0,19.05,16.0,6.17,10.0,0.0,11.850000000000001,0,0,0,0,1,0,0,1,0
9.0,30.0,2015.0,60.31,12.0,53.14,2.0,60.31,12.0,54.75,4.0,0.54,45.47,0.65,0.62,0.0,0.0,0.0,1022.33,4.783333333333333,16.6,60.31,12.0,53.14,2.0,4.0,11.0,6.878,33.0,18.45,12.0,7.11,0.0,0.0,11.816666666666668,0,0,0,1,0,0,1,0,0
10.0,1.0,2015.0,58.48,13.0,52.04,1.0,58.48,13.0,52.72,22.0,0.46,43.61,0.64,0.65,0.0,0.0,0.0,1025.72,4.8,16.566666666666666,58.48,13.0,52.04,1.0,4.0,11.0,6.91,48.0,20.31,12.0,7.98,0.0,0.0,11.766666666666666,0,0,0,1,0,0,1,0,0
10.0,2.0,2015.0,59.8,14.0,46.83,5.0,59.8,14.0,52.04,1.0,0.3,42.58,0.63,0.69,0.0,0.0,0.0,1026.37,4.816666666666666,16.533333333333335,59.8,14.0,49.93,5.0,4.0,11.0,5.94,51.0,21.4,13.0,8.61,0.0,0.0,11.716666666666669,0,0,0,1,0,0,1,0,0
10.0,3.0,2015.0,53.39,12.0,45.26,17.0,53.39,12.0,45.26,17.0,0.87,42.01,0.72,0.72,0.0003,0.0034,0.37,1023.09,4.833333333333333,16.5,53.39,12.0,48.61,17.0,3.0,11.0,5.83,57.0,17.75,8.0,7.85,6.0,0.0,11.666666666666668,0,0,0,0,1,0,0,1,0
10.0,4.0,2015.0,56.96,13.0,56.18,5.0,57.01,20.0,47.22,22.0,1.0,49.74,0.86,0.76,0.0,0.0,0.0,1022.09,4.85,16.483333333333334,56.96,13.0,56.18,5.0,3.0,11.0,6.951,46.0,12.59,22.0,5.31,0.0,0.0,11.633333333333335,0,1,0,0,0,0,1,0,0
10.0,5.0,2015.0,59.67,13.0,56.68,4.0,59.67,13.0,56.18,5.0,1.0,54.69,0.9,0.79,0.0,0.0,0.0,1021.71,4.883333333333333,16.45,59.67,13.0,56.68,4.0,3.0,11.0,5.067,38.0,8.13,22.0,3.04,0.0,0.0,11.566666666666666,0,1,0,0,0,0,1,0,0
10.0,6.0,2015.0,66.91,14.0,57.03,5.0,66.91,14.0,56.68,4.0,0.7,54.95,0.84,0.82,0.0,0.0,0.0,1020.53,4.9,16.416666666666668,66.91,14.0,57.03,5.0,4.0,11.0,5.402,28.0,5.82,10.0,1.89,0.0,0.0,11.516666666666667,0,0,0,1,0,0,1,0,0
10.0,7.0,2015.0,70.21,10.0,52.82,4.0,70.21,10.0,55.8,22.0,0.54,54.93,0.81,0.85,0.0,0.0,0.0,1020.21,4.916666666666667,16.4,70.21,10.0,52.82,4.0,4.0,11.0,7.276,42.0,10.58,14.0,2.62,0.0,0.0,11.48333333333333,0,0,0,1,0,0,1,0,0
10.0,8.0,2015.0,76.88,13.0,55.53,6.0,76.88,13.0,52.82,4.0,0.51,55.16,0.72,0.88,0.0011,0.0148,0.59,1014.78,4.933333333333334,16.366666666666667,76.88,13.0,55.53,6.0,4.0,11.0,9.934,214.0,13.3,13.0,3.19,19.0,0.0,11.433333333333334,0,0,0,0,1,0,0,1,0
10.0,9.0,2015.0,59.22,13.0,43.66,5.0,64.88,22.0,49.72,22.0,0.74,49.64,0.75,0.91,0.0,0.0,0.0,1019.37,4.95,16.333333333333332,59.22,13.0,43.66,5.0,3.0,11.0,9.936,359.0,13.1,6.0,4.94,0.0,0.0,11.383333333333333,0,0,0,1,0,0,1,0,0
10.0,10.0,2015.0,65.59,14.0,52.46,5.0,65.59,14.0,43.66,5.0,0.33,44.08,0.68,0.94,0.0,0.0,0.0,1020.25,4.966666666666667,16.316666666666666,65.59,14.0,52.46,5.0,4.0,11.0,9.775,216.0,10.26,10.0,2.54,0.0,0.0,11.35,0,0,0,1,0,0,1,0,0
10.0,11.0,2015.0,78.59,14.0,61.13,5.0,78.59,14.0,52.46,5.0,0.1,48.86,0.58,0.97,0.0,0.0,0.0,1008.73,4.983333333333333,16.283333333333335,78.59,14.0,61.13,5.0,4.0,11.0,9.997,208.0,16.94,13.0,5.64,0.0,0.0,11.3,1,0,0,0,0,0,1,0,0
10.0,12.0,2015.0,74.83,14.0,50.63,5.0,74.83,14.0,57.1,22.0,0.38,48.88,0.57,0.0,0.0,0.0,0.0,1000.01,5.0,16.25,74.83,14.0,50.63,5.0,3.0,11.0,9.997,246.0,21.03,17.0,6.7,0.0,0.0,11.25,0,0,0,1,0,0,1,0,0
10.0,13.0,2015.0,62.08,14.0,43.47,5.0,62.08,14.0,50.63,5.0,0.6,43.02,0.65,0.03,0.0,0.0,0.0,1006.04,5.016666666666667,16.233333333333334,62.08,14.0,43.47,5.0,3.0,11.0,9.997,298.0,15.8,22.0,4.84,0.0,0.0,11.216666666666669,0,0,0,1,0,0,1,0,0
10.0,14.0,2015.0,63.42,14.0,48.38,4.0,63.42,14.0,43.47,5.0,0.1,39.91,0.64,0.06,0.0,0.0,0.0,1014.76,5.033333333333333,16.2,63.42,14.0,48.38,4.0,4.0,11.0,9.997,300.0,9.84,15.0,2.55,0.0,0.0,11.166666666666666,1,0,0,0,0,0,1,0,0
10.0,15.0,2015.0,68.34,14.0,41.11,5.0,68.34,14.0,48.38,4.0,0.32,36.45,0.51,0.1,0.0,0.0,0.0,1016.43,5.066666666666666,16.183333333333334,68.34,14.0,43.11,5.0,3.0,11.0,9.769,269.0,19.41,16.0,4.16,0.0,0.0,11.116666666666667,0,0,0,1,0,0,1,0,0
10.0,16.0,2015.0,53.99,13.0,31.87,5.0,53.99,13.0,40.62,22.0,0.21,31.17,0.53,0.13,0.0,0.0,0.0,1024.35,5.083333333333333,16.15,53.99,13.0,35.2,5.0,3.0,11.0,9.997,314.0,13.65,11.0,4.21,0.0,0.0,11.066666666666666,0,0,0,1,0,0,1,0,0
10.0,17.0,2015.0,52.36,14.0,34.14,4.0,52.36,14.0,31.87,5.0,0.11,25.3,0.52,0.16,0.0,0.0,0.0,1029.63,5.1,16.133333333333333,52.36,14.0,34.14,4.0,4.0,11.0,9.997,316.0,12.1,13.0,3.56,0.0,0.0,11.033333333333333,1,0,0,0,0,0,1,0,0
10.0,18.0,2015.0,58.48,13.0,46.05,1.0,58.48,13.0,34.14,4.0,0.02,30.44,0.57,0.19,0.0,0.0,0.0,1030.18,5.116666666666666,16.1,58.48,13.0,46.81,22.0,4.0,10.0,9.997,237.0,6.91,11.0,1.87,0.0,0.0,10.983333333333334,1,0,0,0,0,0,1,0,0
10.0,19.0,2015.0,72.34,14.0,56.06,5.0,72.34,14.0,46.05,1.0,0.2,34.37,0.4,0.22,0.0,0.0,0.0,1020.37,5.133333333333334,16.066666666666666,72.34,14.0,56.06,5.0,4.0,10.0,9.997,204.0,20.67,11.0,7.53,0.0,0.0,10.933333333333334,0,0,0,1,0,0,1,0,0
10.0,20.0,2015.0,74.82,14.0,57.39,4.0,74.82,14.0,56.06,5.0,0.51,41.81,0.46,0.26,0.0033,0.0489,1.0,1018.36,5.15,16.05,74.82,14.0,57.39,4.0,3.0,11.0,9.961,205.0,13.11,22.0,4.54,21.0,0.0,10.9,0,0,0,0,1,0,0,1,0
10.0,21.0,2015.0,74.85,15.0,54.77,6.0,74.85,15.0,57.39,4.0,0.7,54.16,0.68,0.29,0.0015,0.0314,0.99,1018.59,5.183333333333334,16.016666666666666,74.85,15.0,54.77,6.0,3.0,10.0,9.997,214.0,15.9,11.0,4.61,22.0,0.0,10.833333333333332,0,0,0,0,1,0,0,1,0
10.0,22.0,2015.0,60.86,12.0,52.26,20.0,63.91,22.0,52.26,20.0,0.51,47.96,0.72,0.33,0.0,0.0,0.0,1023.71,5.2,16.0,60.86,12.0,52.26,20.0,3.0,11.0,9.997,22.0,8.46,13.0,3.41,0.0,0.0,10.8,0,0,0,1,0,0,1,0,0
10.0,23.0,2015.0,61.65,14.0,58.33,17.0,62.95,22.0,52.46,3.0,0.85,48.27,0.73,0.37,0.0032,0.0355,0.95,1019.6,5.216666666666667,15.983333333333333,61.65,14.0,58.33,17.0,3.0,11.0,9.49,120.0,11.32,15.0,5.08,17.0,0.0,10.766666666666666,0,0,0,0,1,0,0,1,0
10.0,24.0,2015.0,66.42,7.0,42.51,5.0,66.42,7.0,51.77,22.0,0.96,55.32,0.83,0.41,0.0059,0.0601,0.98,1012.01,5.233333333333333,15.95,65.96,7.0,42.51,5.0,3.0,11.0,9.54,249.0,17.78,11.0,6.5,9.0,0.0,10.716666666666665,0,0,0,0,1,0,0,1,0
10.0,25.0,2015.0,60.7,13.0,41.75,1.0,60.7,13.0,42.51,5.0,0.1,39.32,0.67,0.44,0.0,0.0,0.0,1026.53,5.25,15.933333333333334,60.7,13.0,41.75,1.0,3.0,11.0,9.997,338.0,9.1,22.0,1.83,0.0,0.0,10.683333333333334,1,0,0,0,0,0,1,0,0
10.0,26.0,2015.0,60.32,13.0,51.67,5.0,60.32,13.0,41.75,1.0,0.31,40.5,0.68,0.48,0.0,0.0,0.0,1028.1,5.266666666666667,15.9,60.32,13.0,51.67,5.0,3.0,11.0,9.997,94.0,9.02,14.0,2.84,0.0,0.0,10.633333333333333,0,0,0,1,0,0,1,0,0
10.0,27.0,2015.0,55.8,15.0,51.05,20.0,55.8,15.0,51.05,20.0,0.82,44.66,0.73,0.52,0.0104,0.0722,1.0,1019.27,5.3,15.883333333333333,55.8,15.0,51.05,20.0,2.0,11.0,7.924,103.0,17.21,20.0,6.24,20.0,0.0,10.583333333333332,0,0,0,0,1,0,0,1,0
10.0,28.0,2015.0,56.24,8.0,30.83,2.0,56.24,8.0,33.23,22.0,0.9,47.07,0.87,0.56,0.0123,0.0584,1.0,999.0,5.316666666666666,15.866666666666667,56.24,8.0,37.25,2.0,2.0,11.0,4.482,223.0,21.13,18.0,7.04,23.0,0.0,10.55,0,0,0,0,1,0,0,1,0
10.0,29.0,2015.0,44.12,15.0,37.27,5.0,45.67,21.0,30.83,2.0,0.8,34.7,0.74,0.6,0.0,0.0,0.0,1006.34,5.333333333333333,15.833333333333334,46.65,15.0,37.27,5.0,2.0,10.0,6.571,256.0,19.99,10.0,7.13,0.0,0.0,10.5,0,0,0,1,0,0,1,0,0
10.0,30.0,2015.0,56.27,13.0,43.21,6.0,56.27,13.0,37.27,5.0,0.36,38.45,0.73,0.63,0.0,0.0,0.0,1018.75,5.35,15.816666666666666,56.27,13.0,45.62,6.0,3.0,10.0,6.568,204.0,9.04,21.0,2.49,0.0,0.0,10.466666666666667,0,0,0,1,0,0,1,0,0
10.0,31.0,2015.0,51.4,17.0,43.09,4.0,52.23,19.0,42.37,9.0,0.97,44.34,0.87,0.67,0.0237,0.1126,1.0,1010.55,5.383333333333334,15.8,51.4,17.0,45.71,5.0,2.0,11.0,4.913,184.0,15.04,22.0,5.15,10.0,0.0,10.416666666666668,0,0,0,0,1,0,0,1,0
11.0,1.0,2015.0,64.69,13.0,50.46,4.0,64.69,13.0,43.09,4.0,0.14,43.71,0.71,0.7,0.0,0.0,0.0,1011.95,4.4,14.766666666666667,64.69,13.0,50.46,4.0,3.0,10.0,7.002,237.0,15.04,22.0,4.27,0.0,0.0,10.366666666666667,0,0,0,1,0,0,1,0,0
11.0,2.0,2015.0,72.94,12.0,48.14,5.0,72.94,12.0,50.46,4.0,0.13,45.77,0.61,0.74,0.0,0.0,0.0,1014.86,4.416666666666667,14.75,72.94,12.0,48.14,5.0,3.0,10.0,6.852,203.0,15.17,11.0,4.3,0.0,0.0,10.333333333333332,0,0,0,1,0,0,1,0,0
11.0,3.0,2015.0,70.66,12.0,52.0,4.0,70.66,12.0,48.14,5.0,0.06,50.52,0.75,0.77,0.0,0.0,0.0,1018.8,4.433333333333334,14.733333333333333,70.66,12.0,52.0,4.0,3.0,10.0,6.317,188.0,8.58,13.0,2.07,0.0,0.0,10.299999999999999,1,0,0,0,0,0,1,0,0
11.0,4.0,2015.0,72.14,13.0,60.68,0.0,72.14,13.0,52.0,4.0,0.46,55.4,0.82,0.8,0.0,0.0,0.0,1018.91,4.466666666666667,14.716666666666667,72.14,13.0,60.68,0.0,3.0,10.0,6.673,196.0,10.96,12.0,3.05,0.0,0.0,10.25,0,0,0,1,0,0,1,0,0
11.0,5.0,2015.0,70.15,11.0,41.28,5.0,70.15,11.0,60.68,0.0,0.82,58.28,0.8,0.83,0.0,0.0,0.0,1013.18,4.483333333333333,14.683333333333334,70.15,11.0,45.41,5.0,3.0,9.0,9.397,197.0,18.56,20.0,6.47,0.0,0.0,10.2,0,0,0,1,0,0,1,0,0
11.0,6.0,2015.0,51.48,11.0,37.58,4.0,65.58,22.0,41.28,5.0,0.79,43.39,0.76,0.86,0.0106,0.1671,1.0,1014.9,4.5,14.666666666666666,51.48,11.0,37.58,4.0,2.0,10.0,9.748,263.0,20.19,2.0,6.36,1.0,0.0,10.166666666666666,0,0,0,0,1,0,0,1,0
11.0,7.0,2015.0,52.66,12.0,31.37,4.0,52.66,12.0,37.06,22.0,0.12,33.46,0.68,0.89,0.0,0.0,0.0,1026.24,4.516666666666667,14.65,52.66,12.0,31.37,4.0,3.0,9.0,9.36,280.0,15.06,12.0,3.51,0.0,0.0,10.133333333333333,1,0,0,0,0,0,1,0,0
11.0,8.0,2015.0,53.62,12.0,33.0,4.0,53.62,12.0,31.37,4.0,0.01,28.99,0.62,0.92,0.0,0.0,0.0,1029.25,4.55,14.633333333333333,53.62,12.0,33.0,4.0,3.0,10.0,6.752,206.0,7.75,9.0,1.5,0.0,0.0,10.083333333333332,1,0,0,0,0,0,1,0,0
11.0,9.0,2015.0,55.47,12.0,37.64,5.0,55.47,12.0,33.0,4.0,0.1,31.81,0.63,0.95,0.0,0.0,0.0,1023.96,4.566666666666666,14.616666666666667,55.47,12.0,37.64,5.0,3.0,10.0,6.825,113.0,6.7,12.0,1.36,0.0,0.0,10.05,1,0,0,0,0,0,1,0,0
11.0,10.0,2015.0,56.23,12.0,41.46,22.0,56.23,12.0,37.64,5.0,0.14,34.33,0.65,0.98,0.0,0.0,0.0,1018.38,4.583333333333333,14.6,56.23,12.0,41.46,22.0,2.0,10.0,9.544,251.0,6.83,12.0,1.33,0.0,0.0,10.016666666666666,0,0,0,1,0,0,1,0,0
11.0,11.0,2015.0,62.79,12.0,36.71,3.0,62.79,12.0,41.46,22.0,0.59,42.02,0.68,0.01,0.019,0.2232,1.0,1006.83,4.6,14.583333333333334,62.79,12.0,43.06,3.0,2.0,9.0,9.613,160.0,23.1,19.0,5.96,21.0,0.0,9.983333333333334,0,0,0,0,1,0,0,1,0
11.0,12.0,2015.0,43.21,16.0,30.42,5.0,54.72,23.0,36.71,3.0,0.91,38.87,0.76,0.04,0.001,0.0092,0.8,1001.25,4.616666666666667,14.566666666666666,47.48,16.0,36.32,5.0,2.0,10.0,9.224,254.0,26.79,1.0,10.55,22.0,0.0,9.95,0,0,0,0,1,0,0,1,0
11.0,13.0,2015.0,42.26,13.0,28.75,4.0,42.26,13.0,30.42,5.0,0.26,27.45,0.6,0.08,0.0,0.0,0.0,1017.77,4.65,14.55,46.84,13.0,28.75,4.0,2.0,9.0,9.997,281.0,22.65,9.0,7.24,0.0,0.0,9.9,0,0,0,1,0,0,1,0,0
11.0,14.0,2015.0,57.06,14.0,43.16,4.0,57.06,14.0,28.75,4.0,0.12,30.39,0.6,0.11,0.0,0.0,0.0,1024.1,4.666666666666667,14.533333333333333,57.06,14.0,44.77,5.0,2.0,10.0,9.14,203.0,14.41,12.0,3.92,0.0,0.0,9.866666666666667,1,0,0,0,0,0,1,0,0
11.0,15.0,2015.0,64.76,12.0,49.02,3.0,64.76,12.0,43.16,4.0,0.17,35.29,0.51,0.14,0.0,0.0,0.0,1023.01,4.683333333333334,14.516666666666667,64.76,12.0,49.33,5.0,2.0,10.0,6.719,211.0,13.87,11.0,4.77,0.0,0.0,9.833333333333334,0,0,0,1,0,0,1,0,0
11.0,16.0,2015.0,56.73,9.0,44.91,19.0,56.73,9.0,44.91,19.0,0.83,39.01,0.65,0.18,0.0013,0.0158,0.97,1020.11,4.7,14.5,56.73,9.0,47.67,21.0,2.0,9.0,6.253,165.0,14.48,15.0,5.12,21.0,0.0,9.8,0,0,0,0,1,0,0,1,0
11.0,17.0,2015.0,58.16,17.0,57.76,23.0,60.38,21.0,45.78,22.0,0.94,50.25,0.86,0.21,0.0183,0.184,1.0,1011.74,4.733333333333333,14.5,58.16,17.0,57.76,23.0,2.0,10.0,6.118,145.0,18.53,16.0,8.18,13.0,0.0,9.766666666666666,0,0,0,0,1,0,0,1,0
11.0,18.0,2015.0,61.61,6.0,36.23,6.0,61.61,6.0,45.21,22.0,0.88,48.5,0.74,0.25,0.007,0.0707,1.0,1001.15,4.75,14.483333333333333,61.61,6.0,42.04,6.0,2.0,10.0,6.579,184.0,25.45,11.0,10.07,3.0,0.0,9.733333333333333,0,0,0,0,1,0,0,1,0
11.0,19.0,2015.0,36.64,11.0,25.0,3.0,45.21,22.0,31.35,22.0,0.32,27.54,0.57,0.28,0.0,0.0,0.0,1013.23,4.766666666666667,14.466666666666667,43.08,12.0,32.32,5.0,2.0,10.0,7.399,245.0,25.85,12.0,9.37,0.0,0.0,9.7,0,0,0,1,0,0,1,0,0
11.0,20.0,2015.0,40.27,14.0,23.66,3.0,40.27,14.0,25.0,3.0,0.56,20.89,0.55,0.32,0.0001,0.0009,0.2,1024.2,4.783333333333333,14.45,41.44,11.0,33.12,21.0,2.0,9.0,6.479,258.0,13.88,22.0,4.9,22.0,0.0,9.666666666666666,0,0,0,1,0,0,0,0,1
11.0,21.0,2015.0,30.83,6.0,8.2,3.0,33.3,22.0,14.05,22.0,0.82,27.51,0.9,0.36,0.0046,0.0167,0.66,1018.63,4.8,14.45,34.04,8.0,12.22,5.0,2.0,10.0,3.434,31.0,14.93,2.0,5.98,10.0,0.043,9.649999999999999,0,0,0,0,0,1,0,0,1
11.0,22.0,2015.0,21.59,8.0,16.53,17.0,21.94,22.0,8.2,3.0,0.4,15.68,0.79,0.39,0.0003,0.0026,0.23,1021.33,4.833333333333333,14.433333333333334,26.6,12.0,23.25,17.0,2.0,10.0,7.445,207.0,8.69,17.0,3.78,12.0,0.004,9.600000000000001,0,0,0,1,0,0,0,0,1
11.0,23.0,2015.0,35.21,13.0,24.31,0.0,35.21,13.0,21.04,5.0,0.36,25.71,0.79,0.43,0.0042,0.0283,0.76,1018.06,4.85,14.416666666666666,39.22,13.0,26.83,3.0,2.0,9.0,7.473,227.0,9.49,9.0,4.48,13.0,0.0,9.566666666666666,0,0,0,0,1,0,0,1,0
11.0,24.0,2015.0,42.16,12.0,33.26,1.0,42.16,12.0,24.31,0.0,0.23,29.75,0.79,0.47,0.0057,0.0415,0.68,1025.7,4.866666666666667,14.416666666666666,44.63,12.0,38.63,18.0,2.0,10.0,6.274,151.0,8.98,13.0,3.02,11.0,0.0,9.549999999999999,0,0,0,0,1,0,0,1,0
11.0,25.0,2015.0,51.23,17.0,45.91,2.0,51.84,21.0,33.26,1.0,0.55,36.34,0.68,0.51,0.0003,0.0014,0.22,1023.51,4.883333333333333,14.4,51.23,17.0,49.38,0.0,2.0,9.0,7.304,179.0,16.11,17.0,7.0,9.0,0.0,9.516666666666667,0,0,0,1,0,0,0,1,0
11.0,26.0,2015.0,60.04,15.0,32.88,6.0,60.04,15.0,45.91,2.0,0.99,50.49,0.85,0.54,0.013,0.043,1.0,1022.64,4.9,14.4,60.04,15.0,38.84,6.0,2.0,10.0,6.721,194.0,17.61,18.0,7.42,2.0,0.0,9.5,0,0,0,0,1,0,0,1,0
11.0,27.0,2015.0,33.37,5.0,27.55,4.0,55.9,22.0,29.98,13.0,1.0,37.94,0.88,0.58,0.0333,0.1569,1.0,1026.96,4.916666666666667,14.383333333333333,39.17,5.0,36.2,5.0,2.0,10.0,4.723,10.0,18.4,14.0,8.46,2.0,0.0,9.466666666666665,0,0,0,0,1,0,0,1,0
11.0,28.0,2015.0,33.16,9.0,26.54,1.0,35.36,20.0,27.55,4.0,0.77,29.79,0.76,0.61,0.0,0.0,0.0,1028.85,4.933333333333334,14.383333333333333,38.34,10.0,29.07,5.0,2.0,10.0,7.427,21.0,14.05,4.0,6.28,0.0,0.0,9.45,0,0,0,1,0,0,1,0,0
11.0,29.0,2015.0,37.8,10.0,34.79,6.0,37.8,10.0,26.54,1.0,0.55,28.74,0.75,0.65,0.0,0.0,0.0,1027.6,4.966666666666667,14.383333333333333,41.23,11.0,38.57,4.0,2.0,10.0,7.364,46.0,10.06,21.0,3.93,0.0,0.0,9.416666666666666,0,0,0,1,0,0,1,0,0
11.0,30.0,2015.0,40.9,13.0,36.77,19.0,42.29,22.0,34.79,6.0,1.0,34.24,0.76,0.68,0.0071,0.0405,1.0,1019.31,4.983333333333333,14.366666666666667,44.46,14.0,41.38,6.0,1.0,10.0,6.606,96.0,13.48,18.0,5.73,21.0,0.0,9.383333333333333,0,0,0,0,1,0,0,1,0
12.0,1.0,2015.0,40.44,16.0,28.48,6.0,43.4,2.0,34.96,20.0,0.78,35.52,0.8,0.71,0.0066,0.0609,1.0,1010.26,5.0,14.366666666666667,42.88,13.0,32.11,6.0,2.0,10.0,8.246,213.0,15.2,11.0,5.0,2.0,0.0,9.366666666666667,0,0,0,0,1,0,0,1,0
12.0,2.0,2015.0,32.91,8.0,26.72,20.0,37.86,23.0,26.72,20.0,0.84,29.9,0.85,0.74,0.0037,0.0162,0.82,1010.68,5.016666666666667,14.366666666666667,34.97,12.0,30.89,0.0,1.0,10.0,7.372,273.0,11.43,16.0,4.08,11.0,0.033,9.350000000000001,0,0,0,0,0,1,0,0,1
12.0,3.0,2015.0,34.39,5.0,28.02,5.0,34.39,5.0,27.18,22.0,0.87,30.2,0.86,0.77,0.0002,0.0011,0.21,1025.74,5.033333333333333,14.35,35.18,7.0,32.19,5.0,1.0,10.0,8.49,257.0,11.97,20.0,4.76,12.0,0.0,9.316666666666666,0,0,0,1,0,0,0,1,0
12.0,4.0,2015.0,45.2,13.0,27.65,4.0,45.2,13.0,28.02,5.0,0.63,33.73,0.85,0.8,0.0,0.0003,0.05,1033.77,5.05,14.35,47.11,13.0,30.15,6.0,2.0,10.0,5.74,220.0,10.24,23.0,4.21,10.0,0.0,9.3,0,0,0,1,0,0,1,0,0
12.0,5.0,2015.0,42.07,12.0,30.12,0.0,42.07,12.0,27.65,4.0,0.74,31.54,0.86,0.83,0.0,0.0,0.0,1035.57,5.066666666666666,14.35,44.21,12.0,31.53,6.0,2.0,10.0,5.107,180.0,8.28,11.0,3.53,0.0,0.0,9.283333333333333,0,0,0,1,0,0,1,0,0
12.0,6.0,2015.0,46.79,12.0,31.73,2.0,46.79,12.0,30.12,0.0,0.38,32.95,0.82,0.86,0.0,0.0,0.0,1026.35,5.083333333333333,14.35,47.12,11.0,31.73,2.0,2.0,10.0,6.78,196.0,7.63,8.0,1.95,8.0,0.0,9.266666666666666,0,0,0,1,0,0,1,0,0
12.0,7.0,2015.0,37.22,10.0,31.15,17.0,37.22,10.0,31.15,17.0,0.86,33.46,0.91,0.89,0.0,0.0,0.0,1022.01,5.1,14.35,37.93,14.0,37.21,17.0,1.0,10.0,1.684,200.0,12.56,21.0,3.5,0.0,0.0,9.25,0,0,1,0,0,0,1,0,0
12.0,8.0,2015.0,44.03,14.0,40.23,3.0,44.33,22.0,34.45,22.0,0.8,39.01,0.86,0.93,0.0,0.0,0.0,1012.59,5.116666666666666,14.35,46.26,13.0,42.18,6.0,1.0,10.0,5.678,184.0,11.57,4.0,5.35,0.0,0.0,9.233333333333334,0,0,0,1,0,0,1,0,0
12.0,9.0,2015.0,53.51,12.0,37.19,1.0,53.51,12.0,40.23,3.0,0.35,40.79,0.8,0.96,0.0,0.0,0.0,1006.53,5.116666666666666,14.35,53.51,12.0,42.15,22.0,2.0,10.0,6.722,221.0,10.6,13.0,4.27,0.0,0.0,9.233333333333334,0,0,0,1,0,0,1,0,0
12.0,10.0,2015.0,57.62,11.0,40.99,4.0,57.62,11.0,37.19,1.0,0.39,39.92,0.71,0.99,0.0,0.0,0.0,1002.51,5.133333333333334,14.35,57.62,11.0,43.35,6.0,1.0,10.0,7.42,207.0,24.48,15.0,9.37,0.0,0.0,9.216666666666665,0,0,0,1,0,0,1,0,0
12.0,11.0,2015.0,53.03,13.0,48.92,17.0,53.03,13.0,40.99,4.0,0.53,38.08,0.68,0.02,0.0,0.0,0.0,1008.27,5.15,14.35,53.03,13.0,48.92,17.0,1.0,10.0,7.131,212.0,12.29,23.0,3.56,0.0,0.0,9.2,0,0,0,1,0,0,1,0,0
12.0,12.0,2015.0,57.05,11.0,52.6,20.0,57.05,11.0,51.31,22.0,1.0,50.4,0.9,0.06,0.0,0.0,0.0,1013.27,5.166666666666667,14.35,57.05,11.0,52.6,20.0,1.0,10.0,2.444,152.0,5.13,18.0,1.6,0.0,0.0,9.183333333333334,0,1,0,0,0,0,1,0,0
12.0,13.0,2015.0,61.9,11.0,54.94,6.0,61.9,11.0,53.03,22.0,0.99,56.66,0.9,0.09,0.0295,0.1295,1.0,1007.32,5.183333333333334,14.35,61.9,11.0,54.94,6.0,1.0,10.0,5.489,169.0,17.4,22.0,6.56,17.0,0.0,9.166666666666666,0,0,0,0,1,0,0,1,0
12.0,14.0,2015.0,55.52,5.0,37.56,6.0,60.5,22.0,39.27,22.0,0.97,47.01,0.86,0.13,0.0156,0.1107,1.0,993.92,5.183333333333334,14.35,55.52,5.0,40.07,6.0,1.0,10.0,6.81,200.0,20.73,7.0,7.93,0.0,0.0,9.166666666666666,0,0,0,0,1,0,0,1,0
12.0,15.0,2015.0,41.18,9.0,37.21,18.0,41.18,9.0,37.21,18.0,1.0,36.38,0.83,0.16,0.0,0.0,0.0,1011.02,5.2,14.35,41.53,11.0,40.64,17.0,1.0,10.0,7.188,81.0,12.4,22.0,4.55,3.0,0.0,9.149999999999999,0,1,0,0,0,0,1,0,0
12.0,16.0,2015.0,52.85,13.0,23.7,6.0,52.85,13.0,29.25,22.0,0.88,37.34,0.81,0.2,0.003,0.0292,0.97,1005.78,5.216666666666667,14.366666666666667,52.85,13.0,30.91,6.0,1.0,10.0,6.611,199.0,20.53,17.0,7.63,8.0,0.0,9.15,0,0,0,0,1,0,0,1,0
12.0,17.0,2015.0,30.85,16.0,18.28,6.0,30.85,16.0,23.54,22.0,0.78,23.41,0.7,0.23,0.0,0.0,0.0,1011.73,5.216666666666667,14.366666666666667,34.18,12.0,26.58,2.0,1.0,10.0,7.356,267.0,17.38,1.0,6.75,0.0,0.0,9.15,0,0,0,1,0,0,1,0,0
12.0,18.0,2015.0,28.46,16.0,8.15,4.0,28.46,16.0,17.13,8.0,0.64,18.73,0.67,0.27,0.0,0.0,0.0,1015.76,5.233333333333333,14.366666666666667,32.07,15.0,16.56,5.0,1.0,10.0,7.185,264.0,20.11,10.0,6.6,0.0,0.0,9.133333333333333,0,0,0,1,0,0,1,0,0
12.0,19.0,2015.0,28.3,16.0,23.03,23.0,28.3,16.0,8.15,4.0,0.11,13.62,0.64,0.31,0.0,0.0,0.0,1027.23,5.25,14.383333333333333,30.78,13.0,26.45,19.0,2.0,10.0,7.175,261.0,15.57,23.0,5.46,0.0,0.0,9.133333333333333,1,0,0,0,0,0,1,0,0
12.0,20.0,2015.0,50.04,12.0,37.07,1.0,50.04,12.0,23.03,23.0,0.58,28.52,0.62,0.34,0.0004,0.0089,0.81,1018.12,5.25,14.383333333333333,50.04,12.0,41.95,1.0,1.0,10.0,7.273,191.0,19.54,21.0,7.78,22.0,0.0,9.133333333333333,0,0,0,0,1,0,0,1,0
12.0,21.0,2015.0,52.75,13.0,34.49,6.0,52.75,13.0,37.07,1.0,1.0,43.52,0.91,0.38,0.0268,0.1434,1.0,1007.72,5.266666666666667,14.4,52.75,13.0,38.02,6.0,1.0,10.0,4.759,210.0,16.78,22.0,6.3,1.0,0.0,9.133333333333333,0,0,0,0,1,0,0,1,0
12.0,22.0,2015.0,38.19,7.0,30.67,18.0,42.57,22.0,30.67,18.0,1.0,36.35,0.9,0.42,0.0002,0.0029,0.42,1009.9,5.266666666666667,14.4,38.88,8.0,37.28,17.0,1.0,10.0,4.394,193.0,12.19,18.0,4.47,0.0,0.0,9.133333333333333,0,0,0,0,1,0,0,1,0
12.0,23.0,2015.0,58.71,10.0,29.98,5.0,58.71,10.0,35.15,22.0,0.93,48.81,0.89,0.45,0.0187,0.2374,1.0,995.23,5.283333333333333,14.416666666666666,58.71,10.0,35.14,6.0,1.0,10.0,4.143,181.0,30.86,20.0,8.39,10.0,0.0,9.133333333333333,0,0,0,0,1,0,0,1,0
12.0,24.0,2015.0,41.63,17.0,35.05,6.0,42.26,19.0,29.98,5.0,0.78,32.67,0.75,0.49,0.0,0.0,0.0,1012.24,5.283333333333333,14.416666666666666,41.63,17.0,35.05,6.0,1.0,10.0,7.417,237.0,22.39,1.0,5.64,0.0,0.0,9.133333333333333,0,0,0,1,0,0,1,0,0
12.0,25.0,2015.0,40.04,11.0,30.68,21.0,40.85,22.0,30.68,21.0,0.52,33.59,0.81,0.52,0.0,0.0,0.0,1024.8,5.283333333333333,14.433333333333334,43.21,11.0,36.49,19.0,1.0,10.0,7.076,36.0,12.52,21.0,4.35,0.0,0.0,9.15,0,0,0,1,0,0,1,0,0
12.0,26.0,2015.0,43.26,17.0,29.79,6.0,43.26,17.0,32.95,4.0,0.84,38.04,0.87,0.56,0.0061,0.0567,1.0,1020.4,5.3,14.433333333333334,43.26,17.0,38.39,3.0,1.0,10.0,4.293,73.0,13.62,6.0,5.89,10.0,0.0,9.133333333333333,0,0,0,0,1,0,0,1,0
12.0,27.0,2015.0,33.01,9.0,23.32,6.0,38.65,22.0,28.8,22.0,1.0,33.68,0.83,0.59,0.0083,0.0559,1.0,1024.15,5.3,14.45,39.98,9.0,32.29,6.0,1.0,10.0,6.454,16.0,20.19,10.0,9.41,23.0,0.0,9.149999999999999,0,0,0,0,1,0,0,1,0
12.0,28.0,2015.0,28.91,17.0,27.18,6.0,35.12,21.0,23.1,7.0,1.0,30.73,0.87,0.62,0.029,0.1277,0.97,1013.2,5.3,14.466666666666667,35.43,17.0,33.46,6.0,1.0,10.0,4.228,71.0,25.46,14.0,10.18,18.0,0.0,9.166666666666668,0,0,0,0,1,0,0,1,0
12.0,29.0,2015.0,27.98,5.0,25.5,5.0,34.42,22.0,25.7,13.0,1.0,29.65,0.87,0.66,0.012,0.0668,0.88,1013.26,5.316666666666666,14.466666666666667,34.0,5.0,28.39,6.0,1.0,10.0,6.834,245.0,15.71,1.0,6.2,23.0,0.0,9.15,0,0,0,0,1,0,0,1,0
12.0,30.0,2015.0,28.39,6.0,17.79,6.0,29.98,22.0,21.96,18.0,1.0,24.17,0.82,0.69,0.0001,0.0012,0.17,1022.88,5.316666666666666,14.483333333333333,30.11,10.0,25.02,5.0,1.0,10.0,6.551,255.0,10.55,12.0,4.07,11.0,0.001,9.166666666666666,0,1,0,0,0,0,0,0,1
12.0,31.0,2015.0,20.34,10.0,10.0,3.0,22.97,22.0,16.8,19.0,0.84,20.16,0.77,0.72,0.0,0.0,0.0,1025.15,5.316666666666666,14.5,28.23,10.0,19.83,2.0,1.0,10.0,7.196,257.0,15.07,14.0,6.29,0.0,0.0,9.183333333333334,0,0,0,1,0,0,1,0,0
